user_id,timestamp,consumption,location,consumer_number,phone_number
1,01-01-2020,51.41299283,Chennai,1,916148000000
2,02-01-2020,105.0075489,Chennai,2,912887000000
3,03-01-2020,119.3609894,Bangalore,3,916736000000
4,04-01-2020,87.79541388,Pune,4,911762000000
5,05-01-2020,95.36946186,Hyderabad,5,918745000000
6,06-01-2020,66.70295466,Mumbai,6,918632000000
7,07-01-2020,128.0802364,Mumbai,7,915879000000
8,08-01-2020,108.9428978,Bangalore,8,916277000000
9,09-01-2020,117.9593987,Bangalore,9,913014000000
10,10-01-2020,91.91254676,Hyderabad,10,918263000000
11,11-01-2020,75.24483395,Chennai,11,910188000000
12,12-01-2020,126.0342017,Kolkata,12,918979000000
13,13-01-2020,114.8132001,Hyderabad,13,910990000000
14,14-01-2020,94.37138296,Bangalore,14,914288000000
15,15-01-2020,119.1354166,Kolkata,15,918929000000
16,16-01-2020,139.4436942,Hyderabad,16,916144000000
17,17-01-2020,132.3416931,Pune,17,919022000000
18,18-01-2020,120.845105,Jaipur,18,918350000000
19,19-01-2020,76.84065594,Pune,19,911596000000
20,20-01-2020,78.68461126,Kolkata,20,910923000000
21,21-01-2020,89.89317075,Kolkata,21,910401000000
22,22-01-2020,92.96673248,Mumbai,22,910812000000
23,23-01-2020,135.8164921,Kolkata,23,914163000000
24,24-01-2020,110.2278309,Kolkata,24,911644000000
25,25-01-2020,101.9053537,Jaipur,25,918494000000
26,26-01-2020,80.15670147,Mumbai,26,911340000000
27,27-01-2020,115.3250933,Mumbai,27,914687000000
28,28-01-2020,136.6771567,Delhi,28,913747000000
29,29-01-2020,99.55512764,Hyderabad,29,912089000000
30,30-01-2020,97.03697493,Chennai,30,910314000000
31,31-01-2020,110.9319375,Bangalore,31,919752000000
32,01-02-2020,102.9156328,Delhi,32,918448000000
33,02-02-2020,123.4003646,Chennai,33,918307000000
34,03-02-2020,120.9818494,Kolkata,34,916579000000
35,04-02-2020,94.12594026,Pune,35,912109000000
36,05-02-2020,122.0979663,Pune,36,910325000000
37,06-02-2020,75.16362792,Jaipur,37,910529000000
38,07-02-2020,79.60809082,Jaipur,38,915535000000
39,08-02-2020,110.0606484,Kolkata,39,910897000000
40,09-02-2020,101.9020322,Hyderabad,40,919055000000
41,10-02-2020,87.75414896,Jaipur,41,910132000000
42,11-02-2020,81.10461385,Kolkata,42,912716000000
43,12-02-2020,83.43253491,Mumbai,43,917337000000
44,13-02-2020,91.1937155,Mumbai,44,914538000000
45,14-02-2020,121.5643156,Bangalore,45,910537000000
46,15-02-2020,130.8239824,Bangalore,46,918292000000
47,16-02-2020,159.5276587,Delhi,47,911107000000
48,17-02-2020,109.8961672,Delhi,48,915585000000
49,18-02-2020,68.09230321,Delhi,49,919039000000
50,19-02-2020,242.026125,Chennai,50,917097000000
51,20-02-2020,107.2343541,Kolkata,51,912421000000
52,21-02-2020,150.1985927,Mumbai,52,915766000000
53,22-02-2020,64.60829011,Bangalore,53,913212000000
54,23-02-2020,98.45323736,Mumbai,54,915048000000
55,24-02-2020,100.9813154,Kolkata,55,914204000000
56,25-02-2020,136.0891758,Hyderabad,56,915017000000
57,26-02-2020,135.3949081,Hyderabad,57,914811000000
58,27-02-2020,112.8871823,Chennai,58,910095000000
59,28-02-2020,112.4410803,Jaipur,59,919477000000
60,29-02-2020,53.66190478,Chennai,60,916655000000
61,01-03-2020,92.62219658,Pune,61,911186000000
62,02-03-2020,116.9162577,Pune,62,913444000000
63,03-03-2020,51.224411,Kolkata,63,917842000000
64,04-03-2020,113.9108615,Pune,64,915725000000
65,05-03-2020,104.5172725,Mumbai,65,914204000000
66,06-03-2020,94.65647958,Kolkata,66,915944000000
67,07-03-2020,110.1444636,Hyderabad,67,918645000000
68,08-03-2020,105.4361022,Chennai,68,917497000000
69,09-03-2020,112.9050774,Hyderabad,69,916431000000
70,10-03-2020,126.6440916,Jaipur,70,914361000000
71,11-03-2020,109.0302845,Chennai,71,912760000000
72,12-03-2020,70.33874593,Jaipur,72,915053000000
73,13-03-2020,112.6521293,Chennai,73,916738000000
74,14-03-2020,94.46380149,Delhi,74,917799000000
75,15-03-2020,85.8115166,Chennai,75,915777000000
76,16-03-2020,95.04432843,Hyderabad,76,912441000000
77,17-03-2020,78.08196533,Pune,77,917443000000
78,18-03-2020,113.8557626,Pune,78,917717000000
79,19-03-2020,116.6267657,Chennai,79,913398000000
80,20-03-2020,77.55906658,Mumbai,80,919249000000
81,21-03-2020,81.32062591,Chennai,81,919898000000
82,22-03-2020,122.6179264,Jaipur,82,918939000000
83,23-03-2020,89.36208605,Hyderabad,83,911613000000
84,24-03-2020,93.02762213,Pune,84,919687000000
85,25-03-2020,108.060727,Delhi,85,912050000000
86,26-03-2020,135.2192445,Delhi,86,912059000000
87,27-03-2020,94.09896334,Bangalore,87,917285000000
88,28-03-2020,127.8668885,Kolkata,88,911401000000
89,29-03-2020,73.15782031,Kolkata,89,914099000000
90,30-03-2020,88.15274498,Bangalore,90,910043000000
91,31-03-2020,86.85570742,Kolkata,91,911060000000
92,01-04-2020,139.2080478,Jaipur,92,917670000000
93,02-04-2020,63.69214094,Pune,93,916757000000
94,03-04-2020,88.42318163,Jaipur,94,917405000000
95,04-04-2020,70.50545623,Kolkata,95,918265000000
96,05-04-2020,119.6270926,Kolkata,96,918113000000
97,06-04-2020,87.97722338,Delhi,97,915380000000
98,07-04-2020,90.5251419,Bangalore,98,919979000000
99,08-04-2020,107.6942669,Hyderabad,99,918922000000
100,09-04-2020,113.3828213,Mumbai,100,916443000000
101,10-04-2020,113.5971798,Bangalore,101,914293000000
102,11-04-2020,93.9913985,Mumbai,102,912237000000
103,12-04-2020,265.9271277,Pune,103,916806000000
104,13-04-2020,86.93887904,Mumbai,104,910484000000
105,14-04-2020,155.1704223,Chennai,105,912592000000
106,15-04-2020,112.387004,Kolkata,106,915880000000
107,16-04-2020,111.9748191,Mumbai,107,911054000000
108,17-04-2020,100.5919397,Chennai,108,913548000000
109,18-04-2020,88.51506396,Jaipur,109,914853000000
110,19-04-2020,107.7077741,Kolkata,110,919834000000
111,20-04-2020,102.8161031,Jaipur,111,911374000000
112,21-04-2020,91.00886391,Mumbai,112,916957000000
113,22-04-2020,107.2829459,Delhi,113,919561000000
114,23-04-2020,106.7867665,Mumbai,114,910951000000
115,24-04-2020,127.6659262,Chennai,115,917807000000
116,25-04-2020,95.84104746,Pune,116,913427000000
117,26-04-2020,120.2311755,Chennai,117,912897000000
118,27-04-2020,87.1023399,Jaipur,118,914456000000
119,28-04-2020,142.4821881,Chennai,119,913194000000
120,29-04-2020,111.0653466,Mumbai,120,915171000000
121,30-04-2020,117.2584112,Pune,121,916274000000
122,01-05-2020,121.6165198,Bangalore,122,917533000000
123,02-05-2020,79.42618355,Kolkata,123,915220000000
124,03-05-2020,81.53030002,Hyderabad,124,911782000000
125,04-05-2020,96.16243388,Hyderabad,125,913025000000
126,05-05-2020,64.45455853,Bangalore,126,915040000000
127,06-05-2020,113.2329731,Kolkata,127,919023000000
128,07-05-2020,84.36324111,Delhi,128,916109000000
129,08-05-2020,101.5364268,Jaipur,129,912881000000
130,09-05-2020,101.4185226,Kolkata,130,910604000000
131,10-05-2020,91.633997,Kolkata,131,910669000000
132,11-05-2020,79.99968407,Delhi,132,911972000000
133,12-05-2020,127.2589551,Mumbai,133,913335000000
134,13-05-2020,95.8344141,Mumbai,134,915002000000
135,14-05-2020,93.97520368,Mumbai,135,912524000000
136,15-05-2020,107.581325,Jaipur,136,912600000000
137,16-05-2020,103.4783106,Mumbai,137,917537000000
138,17-05-2020,101.5364858,Pune,138,912856000000
139,18-05-2020,109.884723,Mumbai,139,914822000000
140,19-05-2020,105.2527362,Chennai,140,918960000000
141,20-05-2020,90.73328462,Kolkata,141,911639000000
142,21-05-2020,94.26245349,Hyderabad,142,917576000000
143,22-05-2020,106.3656904,Jaipur,143,914167000000
144,23-05-2020,101.9113269,Delhi,144,913240000000
145,24-05-2020,79.8521435,Jaipur,145,911562000000
146,25-05-2020,105.0128652,Bangalore,146,912486000000
147,26-05-2020,135.1136257,Mumbai,147,918246000000
148,27-05-2020,94.5575414,Hyderabad,148,915126000000
149,28-05-2020,122.6527977,Chennai,149,914361000000
150,29-05-2020,87.02603289,Mumbai,150,914944000000
151,30-05-2020,79.50765052,Hyderabad,151,915008000000
152,31-05-2020,121.6725534,Mumbai,152,918396000000
153,01-06-2020,96.81904272,Delhi,153,912271000000
154,02-06-2020,111.8033877,Bangalore,154,914681000000
155,03-06-2020,93.16853957,Mumbai,155,912330000000
156,04-06-2020,103.5796496,Jaipur,156,911808000000
157,05-06-2020,90.51815251,Mumbai,157,917691000000
158,06-06-2020,91.56163939,Hyderabad,158,913037000000
159,07-06-2020,92.34341046,Kolkata,159,911006000000
160,08-06-2020,140.5250676,Pune,160,911625000000
161,09-06-2020,56.83018651,Bangalore,161,919378000000
162,10-06-2020,74.79547463,Kolkata,162,918420000000
163,11-06-2020,117.9138449,Pune,163,918424000000
164,12-06-2020,103.1305739,Hyderabad,164,913186000000
165,13-06-2020,72.24565241,Mumbai,165,912787000000
166,14-06-2020,91.92566827,Jaipur,166,916500000000
167,15-06-2020,71.68689281,Hyderabad,167,912848000000
168,16-06-2020,79.73077109,Bangalore,168,914188000000
169,17-06-2020,90.832682,Delhi,169,919459000000
170,18-06-2020,133.4726161,Pune,170,917929000000
171,19-06-2020,111.5012234,Mumbai,171,915575000000
172,20-06-2020,100.0090667,Mumbai,172,915731000000
173,21-06-2020,88.27217233,Pune,173,914192000000
174,22-06-2020,123.6692219,Kolkata,174,919078000000
175,23-06-2020,109.3793831,Chennai,175,919990000000
176,24-06-2020,78.50506484,Delhi,176,918607000000
177,25-06-2020,95.60926951,Bangalore,177,911505000000
178,26-06-2020,138.1143103,Bangalore,178,916822000000
179,27-06-2020,79.28796054,Bangalore,179,910151000000
180,28-06-2020,113.3115318,Chennai,180,917959000000
181,29-06-2020,97.60349385,Hyderabad,181,915787000000
182,30-06-2020,228.3733721,Bangalore,182,913219000000
183,01-07-2020,83.66344878,Jaipur,183,911236000000
184,02-07-2020,100.1989511,Pune,184,911313000000
185,03-07-2020,92.91532497,Delhi,185,914813000000
186,04-07-2020,97.44585407,Delhi,186,910044000000
187,05-07-2020,90.5270459,Jaipur,187,919680000000
188,06-07-2020,104.6973097,Mumbai,188,917214000000
189,07-07-2020,63.39784082,Delhi,189,916215000000
190,08-07-2020,107.653594,Bangalore,190,919471000000
191,09-07-2020,81.26736519,Bangalore,191,918020000000
192,10-07-2020,130.4441427,Hyderabad,192,919977000000
193,11-07-2020,97.33625153,Jaipur,193,918148000000
194,12-07-2020,111.1029988,Jaipur,194,912652000000
195,13-07-2020,106.4382944,Chennai,195,913136000000
196,14-07-2020,99.02355092,Mumbai,196,917825000000
197,15-07-2020,119.5638099,Hyderabad,197,919828000000
198,16-07-2020,66.27258233,Chennai,198,916289000000
199,17-07-2020,94.66439603,Pune,199,918768000000
200,18-07-2020,102.2822584,Chennai,200,915454000000
201,19-07-2020,108.6680359,Hyderabad,201,917943000000
202,20-07-2020,135.567429,Chennai,202,916445000000
203,21-07-2020,101.1895122,Chennai,203,915786000000
204,22-07-2020,104.4104507,Pune,204,915355000000
205,23-07-2020,92.45078852,Jaipur,205,918622000000
206,24-07-2020,100.8717864,Mumbai,206,915011000000
207,25-07-2020,99.36600411,Delhi,207,912753000000
208,26-07-2020,102.0134978,Pune,208,914865000000
209,27-07-2020,129.2535803,Bangalore,209,917566000000
210,28-07-2020,92.84472432,Bangalore,210,914084000000
211,29-07-2020,106.7585648,Bangalore,211,915343000000
212,30-07-2020,86.08080122,Bangalore,212,916329000000
213,31-07-2020,102.5934378,Pune,213,918239000000
214,01-08-2020,100.0304572,Delhi,214,912000000000
215,02-08-2020,128.7999435,Hyderabad,215,913007000000
216,03-08-2020,89.68326127,Pune,216,911152000000
217,04-08-2020,77.03701844,Kolkata,217,918457000000
218,05-08-2020,111.4260796,Hyderabad,218,917843000000
219,06-08-2020,78.66911728,Mumbai,219,916830000000
220,07-08-2020,122.2810694,Bangalore,220,910210000000
221,08-08-2020,142.366167,Kolkata,221,915564000000
222,09-08-2020,116.9921512,Bangalore,222,912814000000
223,10-08-2020,115.4241233,Kolkata,223,916316000000
224,11-08-2020,109.4922517,Pune,224,911851000000
225,12-08-2020,126.7243836,Chennai,225,914038000000
226,13-08-2020,86.0920524,Chennai,226,915688000000
227,14-08-2020,134.8024531,Mumbai,227,914122000000
228,15-08-2020,121.1861282,Hyderabad,228,911828000000
229,16-08-2020,144.9051699,Delhi,229,914685000000
230,17-08-2020,130.1702061,Mumbai,230,914440000000
231,18-08-2020,90.5908719,Kolkata,231,914620000000
232,19-08-2020,91.54600775,Bangalore,232,919224000000
233,20-08-2020,84.77353975,Delhi,233,912827000000
234,21-08-2020,91.11894389,Delhi,234,919015000000
235,22-08-2020,76.88631054,Mumbai,235,911300000000
236,23-08-2020,95.26598669,Pune,236,919727000000
237,24-08-2020,83.21147191,Delhi,237,916754000000
238,25-08-2020,153.8327258,Pune,238,911372000000
239,26-08-2020,66.84426265,Delhi,239,915287000000
240,27-08-2020,104.639645,Bangalore,240,914082000000
241,28-08-2020,120.0589067,Delhi,241,912857000000
242,29-08-2020,82.12746406,Delhi,242,916823000000
243,30-08-2020,112.4308244,Mumbai,243,915169000000
244,31-08-2020,96.7372597,Mumbai,244,919325000000
245,01-09-2020,140.1558232,Pune,245,911163000000
246,02-09-2020,142.3780773,Kolkata,246,915482000000
247,03-09-2020,111.2996581,Chennai,247,915191000000
248,04-09-2020,108.8399303,Kolkata,248,915322000000
249,05-09-2020,275.8841933,Bangalore,249,919618000000
250,06-09-2020,95.88962561,Delhi,250,914390000000
251,07-09-2020,65.21731258,Bangalore,251,914205000000
252,08-09-2020,110.0834275,Pune,252,916986000000
253,09-09-2020,109.0801775,Bangalore,253,919438000000
254,10-09-2020,53.09961858,Jaipur,254,915083000000
255,11-09-2020,111.345256,Chennai,255,917216000000
256,12-09-2020,57.80485779,Mumbai,256,911522000000
257,13-09-2020,75.96822396,Bangalore,257,915102000000
258,14-09-2020,131.3038284,Kolkata,258,919249000000
259,15-09-2020,112.79808,Pune,259,917255000000
260,16-09-2020,132.5858825,Hyderabad,260,910022000000
261,17-09-2020,126.0696864,Bangalore,261,917775000000
262,18-09-2020,129.5509099,Jaipur,262,916045000000
263,19-09-2020,92.55932335,Jaipur,263,916322000000
264,20-09-2020,95.41167338,Pune,264,919748000000
265,21-09-2020,74.51416531,Chennai,265,911644000000
266,22-09-2020,112.4474854,Mumbai,266,919163000000
267,23-09-2020,102.5126251,Mumbai,267,917564000000
268,24-09-2020,106.2450535,Kolkata,268,916598000000
269,25-09-2020,104.7059761,Pune,269,919355000000
270,26-09-2020,92.34642473,Jaipur,270,911469000000
271,27-09-2020,103.6051809,Jaipur,271,913043000000
272,28-09-2020,88.59151823,Hyderabad,272,910450000000
273,29-09-2020,69.73010442,Kolkata,273,917172000000
274,30-09-2020,73.98067802,Delhi,274,917891000000
275,01-10-2020,87.8241917,Mumbai,275,910668000000
276,02-10-2020,116.4799382,Mumbai,276,911186000000
277,03-10-2020,99.6751966,Pune,277,916643000000
278,04-10-2020,83.46765959,Chennai,278,911456000000
279,05-10-2020,82.14708656,Pune,279,913036000000
280,06-10-2020,55.32802,Delhi,280,911652000000
281,07-10-2020,115.3137234,Mumbai,281,913410000000
282,08-10-2020,97.78541098,Hyderabad,282,916236000000
283,09-10-2020,104.4394904,Bangalore,283,911258000000
284,10-10-2020,106.7602482,Mumbai,284,919265000000
285,11-10-2020,74.27288469,Pune,285,911637000000
286,12-10-2020,80.46406808,Hyderabad,286,915692000000
287,13-10-2020,139.9543207,Kolkata,287,916445000000
288,14-10-2020,61.34589618,Chennai,288,914517000000
289,15-10-2020,111.9257128,Chennai,289,919169000000
290,16-10-2020,253.9384696,Mumbai,290,918645000000
291,17-10-2020,109.8184257,Bangalore,291,914930000000
292,18-10-2020,90.15291656,Hyderabad,292,916049000000
293,19-10-2020,62.64013423,Hyderabad,293,918937000000
294,20-10-2020,68.83974314,Chennai,294,911072000000
295,21-10-2020,145.342282,Bangalore,295,918036000000
296,22-10-2020,78.06012623,Jaipur,296,914986000000
297,23-10-2020,93.45723528,Mumbai,297,910381000000
298,24-10-2020,93.88327983,Pune,298,915061000000
299,25-10-2020,93.87972727,Jaipur,299,914081000000
300,26-10-2020,108.9695769,Kolkata,300,911632000000
301,27-10-2020,115.133303,Chennai,301,910841000000
302,28-10-2020,130.7476818,Chennai,302,910622000000
303,29-10-2020,106.4032481,Jaipur,303,910178000000
304,30-10-2020,110.1965941,Kolkata,304,911239000000
305,31-10-2020,68.05259621,Jaipur,305,919810000000
306,01-11-2020,123.3938161,Hyderabad,306,915291000000
307,02-11-2020,99.21822038,Pune,307,916416000000
308,03-11-2020,127.0616535,Pune,308,913292000000
309,04-11-2020,112.6816345,Chennai,309,915686000000
310,05-11-2020,90.46216888,Chennai,310,910002000000
311,06-11-2020,112.8924764,Chennai,311,912910000000
312,07-11-2020,104.002558,Delhi,312,919336000000
313,08-11-2020,104.2246615,Chennai,313,913649000000
314,09-11-2020,97.45014149,Pune,314,915912000000
315,10-11-2020,87.65128662,Bangalore,315,914221000000
316,11-11-2020,84.89034714,Pune,316,916101000000
317,12-11-2020,112.5933543,Hyderabad,317,912709000000
318,13-11-2020,112.5322858,Mumbai,318,913479000000
319,14-11-2020,111.3832941,Delhi,319,911367000000
320,15-11-2020,87.47006626,Delhi,320,917785000000
321,16-11-2020,80.48727172,Bangalore,321,913508000000
322,17-11-2020,80.3064539,Hyderabad,322,915158000000
323,18-11-2020,83.71733022,Hyderabad,323,911056000000
324,19-11-2020,87.3553601,Pune,324,916190000000
325,20-11-2020,89.82136325,Mumbai,325,916955000000
326,21-11-2020,131.1699159,Kolkata,326,918723000000
327,22-11-2020,125.4033654,Pune,327,919853000000
328,23-11-2020,84.50161814,Kolkata,328,911749000000
329,24-11-2020,225.9769011,Mumbai,329,918862000000
330,25-11-2020,115.2814613,Jaipur,330,918973000000
331,26-11-2020,108.0215482,Jaipur,331,917613000000
332,27-11-2020,101.501158,Jaipur,332,911163000000
333,28-11-2020,113.2514174,Mumbai,333,911656000000
334,29-11-2020,79.16880376,Jaipur,334,916865000000
335,30-11-2020,99.55654335,Jaipur,335,914676000000
336,01-12-2020,68.98713261,Hyderabad,336,919646000000
337,02-12-2020,110.5474948,Jaipur,337,912378000000
338,03-12-2020,110.1874936,Hyderabad,338,918001000000
339,04-12-2020,76.86885123,Delhi,339,912645000000
340,05-12-2020,91.19816528,Mumbai,340,917828000000
341,06-12-2020,101.1328388,Mumbai,341,914765000000
342,07-12-2020,118.5667794,Bangalore,342,912113000000
343,08-12-2020,83.75158374,Chennai,343,914660000000
344,09-12-2020,126.1296339,Pune,344,914126000000
345,10-12-2020,149.4836601,Jaipur,345,910822000000
346,11-12-2020,118.4942935,Bangalore,346,918718000000
347,12-12-2020,159.7784642,Jaipur,347,918049000000
348,13-12-2020,97.57213791,Chennai,348,913180000000
349,14-12-2020,107.2956826,Chennai,349,912432000000
350,15-12-2020,107.8812969,Mumbai,350,917520000000
351,16-12-2020,79.76596563,Hyderabad,351,914979000000
352,17-12-2020,85.72033722,Jaipur,352,918287000000
353,18-12-2020,119.5793582,Hyderabad,353,916337000000
354,19-12-2020,97.14280359,Hyderabad,354,912084000000
355,20-12-2020,124.7612333,Pune,355,918194000000
356,21-12-2020,116.2165665,Kolkata,356,911347000000
357,22-12-2020,113.9019257,Hyderabad,357,918525000000
358,23-12-2020,106.9836621,Delhi,358,911564000000
359,24-12-2020,98.27307737,Jaipur,359,914372000000
360,25-12-2020,114.2397217,Jaipur,360,911203000000
361,26-12-2020,109.2179109,Chennai,361,919735000000
362,27-12-2020,98.94750105,Mumbai,362,910099000000
363,28-12-2020,108.160504,Mumbai,363,912034000000
364,29-12-2020,111.1566728,Pune,364,911418000000
365,30-12-2020,124.5616862,Pune,365,914386000000
366,31-12-2020,97.18877935,Chennai,366,917209000000
367,01-01-2020,95.76014391,Hyderabad,367,914673000000
368,02-01-2020,91.9031007,Delhi,368,918182000000
369,03-01-2020,100.8171542,Bangalore,369,914751000000
370,04-01-2020,88.3438891,Chennai,370,914959000000
371,05-01-2020,103.3291504,Delhi,371,917279000000
372,06-01-2020,74.58109645,Kolkata,372,919038000000
373,07-01-2020,239.8481562,Jaipur,373,914993000000
374,08-01-2020,88.57303886,Chennai,374,918217000000
375,09-01-2020,101.4629405,Jaipur,375,910356000000
376,10-01-2020,112.9935457,Mumbai,376,910229000000
377,11-01-2020,71.07172061,Hyderabad,377,914255000000
378,12-01-2020,150.1557535,Jaipur,378,914469000000
379,13-01-2020,106.5738231,Bangalore,379,910801000000
380,14-01-2020,115.3606843,Bangalore,380,911236000000
381,15-01-2020,76.99803845,Jaipur,381,918769000000
382,16-01-2020,121.931159,Mumbai,382,915551000000
383,17-01-2020,100.2211465,Jaipur,383,911504000000
384,18-01-2020,102.7045818,Hyderabad,384,911183000000
385,19-01-2020,109.3051014,Hyderabad,385,916659000000
386,20-01-2020,127.3844104,Mumbai,386,918570000000
387,21-01-2020,95.17172105,Pune,387,910034000000
388,22-01-2020,111.6783238,Mumbai,388,918949000000
389,23-01-2020,119.5939015,Delhi,389,913736000000
390,24-01-2020,117.0316229,Pune,390,910848000000
391,25-01-2020,85.76812445,Delhi,391,910533000000
392,26-01-2020,75.50710211,Kolkata,392,910047000000
393,27-01-2020,267.4619847,Chennai,393,917944000000
394,28-01-2020,129.7214939,Jaipur,394,915932000000
395,29-01-2020,101.3234239,Bangalore,395,913587000000
396,30-01-2020,253.7149915,Jaipur,396,911198000000
397,31-01-2020,85.44462503,Delhi,397,915835000000
398,01-02-2020,97.4703741,Chennai,398,917314000000
399,02-02-2020,136.547284,Kolkata,399,919591000000
400,03-02-2020,97.88020577,Jaipur,400,914141000000
401,04-02-2020,114.0928932,Kolkata,401,910511000000
402,05-02-2020,123.8054325,Bangalore,402,916674000000
403,06-02-2020,111.9086459,Bangalore,403,912958000000
404,07-02-2020,125.6444564,Delhi,404,910031000000
405,08-02-2020,129.5371365,Chennai,405,912341000000
406,09-02-2020,90.49629995,Chennai,406,910642000000
407,10-02-2020,89.83556904,Jaipur,407,918369000000
408,11-02-2020,78.94295915,Kolkata,408,919689000000
409,12-02-2020,89.71639251,Bangalore,409,916503000000
410,13-02-2020,105.5734131,Mumbai,410,914605000000
411,14-02-2020,81.58353988,Mumbai,411,913680000000
412,15-02-2020,121.7093488,Hyderabad,412,914304000000
413,16-02-2020,85.19565281,Jaipur,413,911033000000
414,17-02-2020,124.152269,Chennai,414,918676000000
415,18-02-2020,97.17923102,Pune,415,917247000000
416,19-02-2020,104.6011512,Bangalore,416,919658000000
417,20-02-2020,112.981022,Chennai,417,910975000000
418,21-02-2020,75.16094805,Pune,418,914887000000
419,22-02-2020,85.5854911,Hyderabad,419,918780000000
420,23-02-2020,48.38160547,Delhi,420,916434000000
421,24-02-2020,97.32829068,Mumbai,421,913738000000
422,25-02-2020,73.18707098,Delhi,422,919911000000
423,26-02-2020,77.54942336,Delhi,423,918352000000
424,27-02-2020,78.13267008,Pune,424,912632000000
425,28-02-2020,267.2136176,Bangalore,425,914529000000
426,29-02-2020,123.1046982,Delhi,426,910070000000
427,01-03-2020,84.94696203,Delhi,427,915737000000
428,02-03-2020,109.535902,Hyderabad,428,916894000000
429,03-03-2020,75.32895557,Mumbai,429,918049000000
430,04-03-2020,110.591427,Pune,430,919266000000
431,05-03-2020,103.7156451,Bangalore,431,914821000000
432,06-03-2020,120.3433645,Delhi,432,914072000000
433,07-03-2020,94.78858055,Delhi,433,912585000000
434,08-03-2020,153.071481,Jaipur,434,915590000000
435,09-03-2020,94.92909393,Kolkata,435,913944000000
436,10-03-2020,103.5595371,Jaipur,436,915652000000
437,11-03-2020,89.85415869,Pune,437,919296000000
438,12-03-2020,103.1082029,Pune,438,911088000000
439,13-03-2020,98.16096481,Delhi,439,914681000000
440,14-03-2020,108.7846192,Jaipur,440,912205000000
441,15-03-2020,134.6552059,Pune,441,917137000000
442,16-03-2020,25.66558899,Jaipur,442,919165000000
443,17-03-2020,78.90739987,Kolkata,443,917502000000
444,18-03-2020,110.2733687,Delhi,444,912135000000
445,19-03-2020,141.2990659,Mumbai,445,918310000000
446,20-03-2020,131.3199063,Pune,446,919710000000
447,21-03-2020,115.6871865,Delhi,447,919630000000
448,22-03-2020,80.3513235,Kolkata,448,914382000000
449,23-03-2020,69.01321435,Kolkata,449,917345000000
450,24-03-2020,103.6905901,Bangalore,450,917821000000
451,25-03-2020,131.2289902,Kolkata,451,914516000000
452,26-03-2020,83.82504495,Pune,452,913676000000
453,27-03-2020,99.97048334,Pune,453,914154000000
454,28-03-2020,56.72091892,Hyderabad,454,912675000000
455,29-03-2020,98.76142845,Kolkata,455,918337000000
456,30-03-2020,103.7598504,Kolkata,456,913770000000
457,31-03-2020,102.1351591,Hyderabad,457,918861000000
458,01-04-2020,71.69658977,Bangalore,458,914133000000
459,02-04-2020,130.9709472,Chennai,459,911826000000
460,03-04-2020,83.59523657,Jaipur,460,917705000000
461,04-04-2020,96.10684315,Pune,461,915044000000
462,05-04-2020,120.7704279,Mumbai,462,918338000000
463,06-04-2020,136.8627516,Jaipur,463,917794000000
464,07-04-2020,103.5550105,Jaipur,464,914951000000
465,08-04-2020,92.66938576,Delhi,465,914131000000
466,09-04-2020,38.0988165,Mumbai,466,915658000000
467,10-04-2020,88.95336742,Delhi,467,910574000000
468,11-04-2020,59.69234594,Kolkata,468,914862000000
469,12-04-2020,101.4876334,Jaipur,469,910464000000
470,13-04-2020,87.48038144,Chennai,470,910949000000
471,14-04-2020,77.0123863,Kolkata,471,916573000000
472,15-04-2020,73.33200209,Hyderabad,472,918530000000
473,16-04-2020,98.19084105,Chennai,473,916193000000
474,17-04-2020,129.8495966,Delhi,474,916335000000
475,18-04-2020,93.40318415,Hyderabad,475,919245000000
476,19-04-2020,134.5744173,Mumbai,476,918115000000
477,20-04-2020,94.93183114,Bangalore,477,919220000000
478,21-04-2020,75.16402655,Bangalore,478,918236000000
479,22-04-2020,147.0064862,Bangalore,479,911919000000
480,23-04-2020,74.31467952,Delhi,480,919436000000
481,24-04-2020,75.61874385,Jaipur,481,919766000000
482,25-04-2020,141.0425752,Jaipur,482,915204000000
483,26-04-2020,60.65930861,Jaipur,483,918690000000
484,27-04-2020,123.7940245,Mumbai,484,919310000000
485,28-04-2020,112.4563737,Kolkata,485,918666000000
486,29-04-2020,111.3636545,Mumbai,486,912265000000
487,30-04-2020,103.8524286,Pune,487,910890000000
488,01-05-2020,92.43050471,Pune,488,913155000000
489,02-05-2020,96.63061878,Kolkata,489,919813000000
490,03-05-2020,113.8232961,Delhi,490,913553000000
491,04-05-2020,114.3340843,Pune,491,918291000000
492,05-05-2020,113.7700525,Mumbai,492,912278000000
493,06-05-2020,76.20201076,Mumbai,493,916545000000
494,07-05-2020,82.11834434,Delhi,494,910706000000
495,08-05-2020,132.1123842,Bangalore,495,912928000000
496,09-05-2020,84.7907866,Delhi,496,918800000000
497,10-05-2020,116.0194913,Pune,497,916120000000
498,11-05-2020,90.76925219,Jaipur,498,910477000000
499,12-05-2020,124.5367456,Chennai,499,914643000000
500,13-05-2020,231.8955389,Chennai,500,916805000000
501,14-05-2020,79.00280858,Mumbai,501,917388000000
502,15-05-2020,133.2725827,Hyderabad,502,914968000000
503,16-05-2020,139.4014914,Jaipur,503,910260000000
504,17-05-2020,102.8755088,Kolkata,504,917765000000
505,18-05-2020,96.20419422,Jaipur,505,914544000000
506,19-05-2020,95.11778736,Delhi,506,918736000000
507,20-05-2020,89.68897583,Kolkata,507,910923000000
508,21-05-2020,115.0112415,Chennai,508,910660000000
509,22-05-2020,102.3908597,Chennai,509,917295000000
510,23-05-2020,128.7002366,Kolkata,510,912805000000
511,24-05-2020,126.4220116,Hyderabad,511,918677000000
512,25-05-2020,115.9115876,Bangalore,512,914815000000
513,26-05-2020,181.8448294,Delhi,513,918606000000
514,27-05-2020,68.77223145,Kolkata,514,912590000000
515,28-05-2020,66.32897268,Mumbai,515,916216000000
516,29-05-2020,75.12483185,Mumbai,516,913757000000
517,30-05-2020,99.5634945,Delhi,517,917444000000
518,31-05-2020,71.25743647,Jaipur,518,917854000000
519,01-06-2020,142.2953555,Jaipur,519,918082000000
520,02-06-2020,99.86850508,Jaipur,520,917456000000
521,03-06-2020,108.3990804,Pune,521,916442000000
522,04-06-2020,97.12787413,Bangalore,522,913817000000
523,05-06-2020,103.3231756,Bangalore,523,915346000000
524,06-06-2020,99.15523998,Chennai,524,918147000000
525,07-06-2020,84.13414253,Hyderabad,525,919340000000
526,08-06-2020,105.0069577,Delhi,526,911344000000
527,09-06-2020,66.54076383,Kolkata,527,918188000000
528,10-06-2020,109.9674976,Hyderabad,528,910794000000
529,11-06-2020,77.84907835,Bangalore,529,914082000000
530,12-06-2020,135.7550318,Chennai,530,918592000000
531,13-06-2020,125.7500648,Kolkata,531,911547000000
532,14-06-2020,79.2644144,Hyderabad,532,913634000000
533,15-06-2020,46.73540407,Mumbai,533,911619000000
534,16-06-2020,118.8409622,Delhi,534,918624000000
535,17-06-2020,117.5457274,Bangalore,535,918439000000
536,18-06-2020,105.4218346,Pune,536,919549000000
537,19-06-2020,83.66143698,Delhi,537,914919000000
538,20-06-2020,99.45953453,Bangalore,538,918865000000
539,21-06-2020,86.69857812,Chennai,539,919946000000
540,22-06-2020,93.88524997,Bangalore,540,916461000000
541,23-06-2020,109.9548461,Chennai,541,911821000000
542,24-06-2020,101.7887176,Jaipur,542,910463000000
543,25-06-2020,71.5748634,Chennai,543,913728000000
544,26-06-2020,98.68356585,Mumbai,544,917966000000
545,27-06-2020,134.712841,Chennai,545,915100000000
546,28-06-2020,115.4990057,Jaipur,546,916167000000
547,29-06-2020,120.997287,Chennai,547,910783000000
548,30-06-2020,81.97870839,Chennai,548,913153000000
549,01-07-2020,120.21915,Jaipur,549,913450000000
550,02-07-2020,105.9866112,Chennai,550,913769000000
551,03-07-2020,139.6602257,Chennai,551,910696000000
552,04-07-2020,97.17971969,Delhi,552,912676000000
553,05-07-2020,52.12173136,Bangalore,553,917817000000
554,06-07-2020,105.4829827,Chennai,554,910829000000
555,07-07-2020,74.58324011,Kolkata,555,913752000000
556,08-07-2020,106.8419794,Jaipur,556,917780000000
557,09-07-2020,123.0323948,Bangalore,557,919111000000
558,10-07-2020,90.61805569,Jaipur,558,910638000000
559,11-07-2020,91.08001406,Kolkata,559,912342000000
560,12-07-2020,69.3419462,Delhi,560,918376000000
561,13-07-2020,127.0453915,Jaipur,561,914280000000
562,14-07-2020,105.9612371,Pune,562,911967000000
563,15-07-2020,66.07305002,Bangalore,563,910147000000
564,16-07-2020,70.67040897,Mumbai,564,912336000000
565,17-07-2020,142.6501795,Hyderabad,565,917286000000
566,18-07-2020,48.9049629,Delhi,566,917775000000
567,19-07-2020,110.780347,Hyderabad,567,914027000000
568,20-07-2020,91.87610959,Hyderabad,568,915495000000
569,21-07-2020,125.3182817,Delhi,569,919710000000
570,22-07-2020,71.94423121,Delhi,570,912803000000
571,23-07-2020,133.841166,Hyderabad,571,911139000000
572,24-07-2020,107.3618932,Delhi,572,911521000000
573,25-07-2020,90.89166193,Mumbai,573,919424000000
574,26-07-2020,128.7126562,Hyderabad,574,919751000000
575,27-07-2020,104.5710709,Jaipur,575,914431000000
576,28-07-2020,108.099696,Chennai,576,916128000000
577,29-07-2020,72.7093467,Bangalore,577,913796000000
578,30-07-2020,95.90222045,Mumbai,578,919232000000
579,31-07-2020,116.2108597,Chennai,579,914315000000
580,01-08-2020,105.8707505,Bangalore,580,919317000000
581,02-08-2020,103.2063458,Kolkata,581,913757000000
582,03-08-2020,88.4486315,Mumbai,582,910807000000
583,04-08-2020,81.15106659,Chennai,583,912538000000
584,05-08-2020,75.34767871,Jaipur,584,915642000000
585,06-08-2020,116.4404722,Delhi,585,912223000000
586,07-08-2020,99.61225116,Jaipur,586,911156000000
587,08-08-2020,78.66524854,Mumbai,587,913709000000
588,09-08-2020,87.76853801,Mumbai,588,918829000000
589,10-08-2020,150.8821449,Mumbai,589,918520000000
590,11-08-2020,101.6593928,Mumbai,590,910805000000
591,12-08-2020,91.40803873,Kolkata,591,916796000000
592,13-08-2020,91.81740529,Delhi,592,919318000000
593,14-08-2020,78.17529091,Pune,593,911921000000
594,15-08-2020,95.97387428,Kolkata,594,915556000000
595,16-08-2020,105.9915559,Chennai,595,918066000000
596,17-08-2020,94.08394146,Bangalore,596,915706000000
597,18-08-2020,102.6405011,Delhi,597,914095000000
598,19-08-2020,69.72882083,Chennai,598,918150000000
599,20-08-2020,142.5666806,Mumbai,599,917056000000
600,21-08-2020,110.1762319,Mumbai,600,915006000000
601,22-08-2020,126.9829882,Hyderabad,601,911904000000
602,23-08-2020,70.96025511,Chennai,602,911065000000
603,24-08-2020,111.7526812,Bangalore,603,911047000000
604,25-08-2020,100.4967531,Mumbai,604,917020000000
605,26-08-2020,115.5467347,Delhi,605,919224000000
606,27-08-2020,104.5281703,Jaipur,606,914754000000
607,28-08-2020,110.6856138,Kolkata,607,912768000000
608,29-08-2020,59.03046484,Pune,608,910509000000
609,30-08-2020,126.7816569,Delhi,609,914020000000
610,31-08-2020,59.66875134,Mumbai,610,918176000000
611,01-09-2020,78.10819429,Pune,611,916738000000
612,02-09-2020,101.0659434,Bangalore,612,912503000000
613,03-09-2020,97.86541326,Hyderabad,613,911776000000
614,04-09-2020,83.10857477,Chennai,614,912554000000
615,05-09-2020,98.94136396,Pune,615,910441000000
616,06-09-2020,78.69270383,Delhi,616,912788000000
617,07-09-2020,78.66817858,Jaipur,617,914997000000
618,08-09-2020,106.9385329,Pune,618,914319000000
619,09-09-2020,73.86475892,Pune,619,913282000000
620,10-09-2020,104.1786586,Pune,620,914063000000
621,11-09-2020,112.9896699,Kolkata,621,914952000000
622,12-09-2020,90.22679484,Jaipur,622,917303000000
623,13-09-2020,117.8937303,Delhi,623,916091000000
624,14-09-2020,113.3267341,Kolkata,624,913013000000
625,15-09-2020,98.03109987,Chennai,625,919244000000
626,16-09-2020,104.4766737,Kolkata,626,917877000000
627,17-09-2020,109.7054917,Hyderabad,627,918194000000
628,18-09-2020,72.697172,Pune,628,911768000000
629,19-09-2020,86.73897308,Delhi,629,914927000000
630,20-09-2020,111.8063741,Mumbai,630,919716000000
631,21-09-2020,101.8227612,Hyderabad,631,919933000000
632,22-09-2020,115.32536,Kolkata,632,915674000000
633,23-09-2020,108.0343145,Kolkata,633,918503000000
634,24-09-2020,141.2835745,Pune,634,916468000000
635,25-09-2020,128.3884772,Delhi,635,916455000000
636,26-09-2020,96.37640474,Bangalore,636,915776000000
637,27-09-2020,120.0205532,Pune,637,919857000000
638,28-09-2020,104.572373,Chennai,638,914090000000
639,29-09-2020,114.4420606,Pune,639,916229000000
640,30-09-2020,114.2810538,Bangalore,640,910398000000
641,01-10-2020,100.7953049,Pune,641,911077000000
642,02-10-2020,98.58793958,Jaipur,642,919483000000
643,03-10-2020,217.1807081,Chennai,643,915234000000
644,04-10-2020,102.2647211,Mumbai,644,912427000000
645,05-10-2020,115.7830728,Chennai,645,915835000000
646,06-10-2020,90.29417006,Bangalore,646,910938000000
647,07-10-2020,105.1039539,Bangalore,647,915212000000
648,08-10-2020,89.1508423,Pune,648,912936000000
649,09-10-2020,56.16467709,Delhi,649,911195000000
650,10-10-2020,97.34790239,Hyderabad,650,910065000000
651,11-10-2020,105.9523715,Bangalore,651,915904000000
652,12-10-2020,273.9384142,Jaipur,652,910451000000
653,13-10-2020,122.6152791,Chennai,653,913126000000
654,14-10-2020,98.27497329,Delhi,654,916170000000
655,15-10-2020,71.38550492,Mumbai,655,918591000000
656,16-10-2020,72.34084503,Pune,656,917487000000
657,17-10-2020,160.7368864,Bangalore,657,917793000000
658,18-10-2020,87.01281091,Kolkata,658,915111000000
659,19-10-2020,89.4384896,Kolkata,659,913094000000
660,20-10-2020,98.57840836,Bangalore,660,912473000000
661,21-10-2020,91.97649391,Chennai,661,910170000000
662,22-10-2020,77.65708385,Mumbai,662,911309000000
663,23-10-2020,62.9825631,Bangalore,663,910652000000
664,24-10-2020,94.43293557,Bangalore,664,918420000000
665,25-10-2020,106.3180801,Delhi,665,919688000000
666,26-10-2020,111.1399241,Chennai,666,915282000000
667,27-10-2020,115.8164041,Jaipur,667,919302000000
668,28-10-2020,101.8188126,Jaipur,668,918543000000
669,29-10-2020,111.2161953,Mumbai,669,919571000000
670,30-10-2020,107.8211023,Bangalore,670,916147000000
671,31-10-2020,75.91193242,Bangalore,671,915014000000
672,01-11-2020,77.22100771,Chennai,672,917169000000
673,02-11-2020,109.8216756,Pune,673,915348000000
674,03-11-2020,111.3459165,Mumbai,674,914786000000
675,04-11-2020,82.25185534,Pune,675,917895000000
676,05-11-2020,97.38123055,Chennai,676,914607000000
677,06-11-2020,112.5942487,Delhi,677,919772000000
678,07-11-2020,90.49741899,Bangalore,678,918283000000
679,08-11-2020,131.0115989,Pune,679,917360000000
680,09-11-2020,81.02473408,Kolkata,680,912163000000
681,10-11-2020,103.9789409,Mumbai,681,910625000000
682,11-11-2020,113.4922163,Jaipur,682,919576000000
683,12-11-2020,65.79346161,Chennai,683,910108000000
684,13-11-2020,87.91990794,Pune,684,917788000000
685,14-11-2020,133.92792,Hyderabad,685,910876000000
686,15-11-2020,82.61758352,Mumbai,686,915426000000
687,16-11-2020,114.3141897,Kolkata,687,913952000000
688,17-11-2020,75.7562501,Chennai,688,911548000000
689,18-11-2020,98.1901425,Mumbai,689,916669000000
690,19-11-2020,103.6590759,Delhi,690,916657000000
691,20-11-2020,137.9300234,Bangalore,691,913258000000
692,21-11-2020,100.2946668,Mumbai,692,912829000000
693,22-11-2020,104.5809762,Hyderabad,693,916350000000
694,23-11-2020,78.95411364,Bangalore,694,910091000000
695,24-11-2020,111.9881605,Chennai,695,918768000000
696,25-11-2020,117.5443145,Bangalore,696,912342000000
697,26-11-2020,87.7970965,Hyderabad,697,918072000000
698,27-11-2020,87.39787788,Mumbai,698,918488000000
699,28-11-2020,97.69272186,Mumbai,699,913027000000
700,29-11-2020,87.79999973,Pune,700,918358000000
701,30-11-2020,85.22769044,Delhi,701,912721000000
702,01-12-2020,103.7005576,Pune,702,911202000000
703,02-12-2020,89.58422129,Pune,703,912441000000
704,03-12-2020,75.73748594,Kolkata,704,911276000000
705,04-12-2020,136.5144843,Bangalore,705,916848000000
706,05-12-2020,124.1896082,Chennai,706,910205000000
707,06-12-2020,243.9625355,Delhi,707,912663000000
708,07-12-2020,71.58576489,Hyderabad,708,916914000000
709,08-12-2020,132.0350954,Hyderabad,709,911127000000
710,09-12-2020,75.90254136,Bangalore,710,919806000000
711,10-12-2020,130.1308792,Jaipur,711,915574000000
712,11-12-2020,126.5324843,Kolkata,712,911608000000
713,12-12-2020,120.2565327,Pune,713,915464000000
714,13-12-2020,86.79622987,Mumbai,714,915086000000
715,14-12-2020,147.2165119,Bangalore,715,912350000000
716,15-12-2020,96.74298192,Kolkata,716,913211000000
717,16-12-2020,109.2059713,Kolkata,717,913282000000
718,17-12-2020,68.99323865,Delhi,718,910361000000
719,18-12-2020,83.71611616,Jaipur,719,913648000000
720,19-12-2020,74.50747511,Mumbai,720,911971000000
721,20-12-2020,128.7899173,Bangalore,721,918354000000
722,21-12-2020,61.91875308,Kolkata,722,917637000000
723,22-12-2020,109.2932814,Chennai,723,917324000000
724,23-12-2020,62.66176757,Delhi,724,917601000000
725,24-12-2020,106.0005389,Jaipur,725,914251000000
726,25-12-2020,127.2264066,Hyderabad,726,914511000000
727,26-12-2020,93.47615534,Hyderabad,727,911332000000
728,27-12-2020,116.0870327,Bangalore,728,918121000000
729,28-12-2020,145.1418434,Bangalore,729,913431000000
730,29-12-2020,104.2706174,Chennai,730,911367000000
731,30-12-2020,109.9112849,Jaipur,731,915108000000
732,31-12-2020,87.56348094,Mumbai,732,913274000000
733,01-01-2020,86.75718735,Bangalore,733,914104000000
734,02-01-2020,102.6118616,Bangalore,734,915951000000
735,03-01-2020,111.9500825,Pune,735,915951000000
736,04-01-2020,79.05382167,Hyderabad,736,918674000000
737,05-01-2020,125.9314694,Kolkata,737,910459000000
738,06-01-2020,109.3453538,Kolkata,738,912519000000
739,07-01-2020,99.76139543,Mumbai,739,912046000000
740,08-01-2020,132.7289197,Kolkata,740,911871000000
741,09-01-2020,90.27677227,Chennai,741,918383000000
742,10-01-2020,63.16559752,Bangalore,742,914307000000
743,11-01-2020,85.6880127,Pune,743,918310000000
744,12-01-2020,72.47329412,Kolkata,744,913202000000
745,13-01-2020,96.48375702,Bangalore,745,915933000000
746,14-01-2020,90.25581491,Jaipur,746,919668000000
747,15-01-2020,117.1428052,Pune,747,917065000000
748,16-01-2020,109.950935,Mumbai,748,914552000000
749,17-01-2020,74.68234278,Hyderabad,749,915300000000
750,18-01-2020,130.4001612,Pune,750,915181000000
751,19-01-2020,114.8109215,Mumbai,751,916988000000
752,20-01-2020,99.81947376,Jaipur,752,918735000000
753,21-01-2020,106.5659604,Mumbai,753,913118000000
754,22-01-2020,58.46354852,Kolkata,754,918399000000
755,23-01-2020,143.2065863,Delhi,755,915795000000
756,24-01-2020,116.4353868,Jaipur,756,918255000000
757,25-01-2020,96.17363506,Jaipur,757,910878000000
758,26-01-2020,68.74829609,Hyderabad,758,915728000000
759,27-01-2020,63.64860873,Pune,759,919518000000
760,28-01-2020,67.57144325,Pune,760,916047000000
761,29-01-2020,137.3222473,Kolkata,761,911212000000
762,30-01-2020,112.0483759,Chennai,762,911956000000
763,31-01-2020,117.6353407,Chennai,763,919471000000
764,01-02-2020,102.9412128,Mumbai,764,916961000000
765,02-02-2020,106.5604235,Mumbai,765,912977000000
766,03-02-2020,107.0303219,Hyderabad,766,919140000000
767,04-02-2020,100.1799936,Chennai,767,918791000000
768,05-02-2020,80.27905192,Jaipur,768,919049000000
769,06-02-2020,96.939481,Delhi,769,916387000000
770,07-02-2020,119.9442447,Jaipur,770,912571000000
771,08-02-2020,115.3628173,Delhi,771,913850000000
772,09-02-2020,119.9685095,Kolkata,772,910333000000
773,10-02-2020,102.3593638,Mumbai,773,912880000000
774,11-02-2020,100.3619514,Kolkata,774,911409000000
775,12-02-2020,96.09414352,Mumbai,775,919038000000
776,13-02-2020,78.47108937,Bangalore,776,912896000000
777,14-02-2020,128.6415339,Mumbai,777,918654000000
778,15-02-2020,86.40835087,Kolkata,778,912429000000
779,16-02-2020,93.75981632,Pune,779,910478000000
780,17-02-2020,116.3758375,Pune,780,915324000000
781,18-02-2020,110.0869668,Pune,781,911346000000
782,19-02-2020,253.9169991,Chennai,782,913411000000
783,20-02-2020,73.53733814,Bangalore,783,911863000000
784,21-02-2020,80.92082331,Hyderabad,784,912687000000
785,22-02-2020,105.5000253,Bangalore,785,915581000000
786,23-02-2020,111.4695135,Chennai,786,911244000000
787,24-02-2020,72.1185772,Delhi,787,914389000000
788,25-02-2020,114.838016,Bangalore,788,913284000000
789,26-02-2020,98.47197793,Pune,789,913092000000
790,27-02-2020,119.9187726,Mumbai,790,910241000000
791,28-02-2020,74.04935996,Jaipur,791,917832000000
792,29-02-2020,101.2449753,Jaipur,792,917578000000
793,01-03-2020,95.3093083,Bangalore,793,916756000000
794,02-03-2020,108.3904874,Bangalore,794,914534000000
795,03-03-2020,115.8056578,Kolkata,795,914306000000
796,04-03-2020,81.36184578,Mumbai,796,911404000000
797,05-03-2020,83.83260095,Bangalore,797,915821000000
798,06-03-2020,96.19572832,Delhi,798,915920000000
799,07-03-2020,115.2839837,Bangalore,799,918141000000
800,08-03-2020,111.5394268,Mumbai,800,913171000000
801,09-03-2020,74.11149755,Pune,801,914342000000
802,10-03-2020,131.389785,Jaipur,802,915130000000
803,11-03-2020,85.82938313,Jaipur,803,917911000000
804,12-03-2020,120.8040772,Hyderabad,804,910439000000
805,13-03-2020,104.4517723,Delhi,805,911898000000
806,14-03-2020,108.3884115,Hyderabad,806,917426000000
807,15-03-2020,119.4389698,Bangalore,807,911945000000
808,16-03-2020,102.3343849,Bangalore,808,919539000000
809,17-03-2020,86.69339876,Pune,809,914289000000
810,18-03-2020,85.06266272,Jaipur,810,915705000000
811,19-03-2020,102.3471413,Chennai,811,914337000000
812,20-03-2020,116.6269616,Jaipur,812,917672000000
813,21-03-2020,128.3558261,Bangalore,813,919973000000
814,22-03-2020,138.7422837,Kolkata,814,915383000000
815,23-03-2020,86.94338278,Hyderabad,815,918997000000
816,24-03-2020,87.25026881,Chennai,816,918232000000
817,25-03-2020,100.683576,Jaipur,817,914725000000
818,26-03-2020,123.0080917,Delhi,818,916761000000
819,27-03-2020,71.39824108,Pune,819,919428000000
820,28-03-2020,112.0346927,Kolkata,820,916450000000
821,29-03-2020,71.7262277,Hyderabad,821,916538000000
822,30-03-2020,142.7756535,Bangalore,822,915185000000
823,31-03-2020,85.47518607,Mumbai,823,917612000000
824,01-04-2020,99.63082143,Pune,824,916621000000
825,02-04-2020,102.1803151,Kolkata,825,915392000000
826,03-04-2020,288.8396931,Hyderabad,826,916280000000
827,04-04-2020,88.63811353,Pune,827,919310000000
828,05-04-2020,70.36322152,Chennai,828,917855000000
829,06-04-2020,153.5947461,Bangalore,829,911847000000
830,07-04-2020,81.85576537,Mumbai,830,917525000000
831,08-04-2020,84.20743866,Pune,831,910940000000
832,09-04-2020,106.6261313,Kolkata,832,910263000000
833,10-04-2020,73.19912066,Chennai,833,911113000000
834,11-04-2020,140.1818489,Hyderabad,834,914164000000
835,12-04-2020,89.12503553,Bangalore,835,919488000000
836,13-04-2020,109.4899372,Hyderabad,836,910539000000
837,14-04-2020,64.62009012,Pune,837,919639000000
838,15-04-2020,92.6273718,Delhi,838,918474000000
839,16-04-2020,131.6051549,Mumbai,839,913642000000
840,17-04-2020,93.41008122,Chennai,840,917229000000
841,18-04-2020,75.76524894,Pune,841,916035000000
842,19-04-2020,48.73581072,Pune,842,911660000000
843,20-04-2020,119.1842737,Chennai,843,913919000000
844,21-04-2020,90.40012918,Pune,844,914515000000
845,22-04-2020,114.4715616,Kolkata,845,910315000000
846,23-04-2020,140.6530324,Pune,846,916616000000
847,24-04-2020,168.0364382,Kolkata,847,910275000000
848,25-04-2020,99.0423738,Mumbai,848,919278000000
849,26-04-2020,78.80273907,Chennai,849,914990000000
850,27-04-2020,114.6366751,Hyderabad,850,913668000000
851,28-04-2020,87.79831987,Pune,851,913028000000
852,29-04-2020,103.7913683,Jaipur,852,918506000000
853,30-04-2020,73.86287199,Chennai,853,916801000000
854,01-05-2020,109.3332128,Pune,854,916635000000
855,02-05-2020,130.5193959,Kolkata,855,915972000000
856,03-05-2020,89.26071015,Chennai,856,912287000000
857,04-05-2020,133.826737,Jaipur,857,916024000000
858,05-05-2020,107.8157737,Hyderabad,858,916538000000
859,06-05-2020,120.4045761,Jaipur,859,914629000000
860,07-05-2020,109.9158431,Delhi,860,917826000000
861,08-05-2020,130.6535905,Mumbai,861,912809000000
862,09-05-2020,93.23443645,Kolkata,862,912720000000
863,10-05-2020,105.1022154,Hyderabad,863,916099000000
864,11-05-2020,128.6279851,Jaipur,864,914230000000
865,12-05-2020,107.4687378,Kolkata,865,919677000000
866,13-05-2020,120.1957175,Kolkata,866,916866000000
867,14-05-2020,94.94505876,Mumbai,867,917918000000
868,15-05-2020,107.7648931,Delhi,868,918564000000
869,16-05-2020,89.74467907,Jaipur,869,919494000000
870,17-05-2020,100.2070828,Chennai,870,914172000000
871,18-05-2020,105.8085255,Hyderabad,871,914805000000
872,19-05-2020,114.9077547,Kolkata,872,912356000000
873,20-05-2020,88.20599045,Kolkata,873,914400000000
874,21-05-2020,120.1108518,Pune,874,916156000000
875,22-05-2020,63.95637454,Bangalore,875,919964000000
876,23-05-2020,92.31155685,Hyderabad,876,918077000000
877,24-05-2020,116.455494,Hyderabad,877,918682000000
878,25-05-2020,114.0686751,Bangalore,878,918002000000
879,26-05-2020,75.79004135,Mumbai,879,918855000000
880,27-05-2020,99.63702657,Bangalore,880,912295000000
881,28-05-2020,104.6806484,Chennai,881,915697000000
882,29-05-2020,118.8144605,Chennai,882,917510000000
883,30-05-2020,127.5097383,Delhi,883,912094000000
884,31-05-2020,110.4732002,Mumbai,884,911613000000
885,01-06-2020,100.2099917,Kolkata,885,911034000000
886,02-06-2020,89.86563588,Pune,886,915038000000
887,03-06-2020,77.21386674,Pune,887,918798000000
888,04-06-2020,76.53092342,Chennai,888,912769000000
889,05-06-2020,110.2677897,Pune,889,912501000000
890,06-06-2020,120.531634,Delhi,890,917417000000
891,07-06-2020,85.20576585,Delhi,891,911040000000
892,08-06-2020,75.45652057,Bangalore,892,914419000000
893,09-06-2020,86.17235816,Bangalore,893,912943000000
894,10-06-2020,75.55222265,Mumbai,894,910774000000
895,11-06-2020,137.0034829,Mumbai,895,911051000000
896,12-06-2020,107.1524149,Pune,896,911254000000
897,13-06-2020,97.35066288,Chennai,897,917220000000
898,14-06-2020,111.4929543,Kolkata,898,915148000000
899,15-06-2020,83.5837146,Pune,899,916590000000
900,16-06-2020,104.6154421,Pune,900,911351000000
901,17-06-2020,116.1803988,Chennai,901,916224000000
902,18-06-2020,101.7104152,Chennai,902,914773000000
903,19-06-2020,100.0305029,Kolkata,903,911579000000
904,20-06-2020,80.32205574,Kolkata,904,910154000000
905,21-06-2020,135.124602,Mumbai,905,917208000000
906,22-06-2020,82.28193319,Kolkata,906,918889000000
907,23-06-2020,116.5287661,Pune,907,917923000000
908,24-06-2020,105.7442047,Bangalore,908,913996000000
909,25-06-2020,95.18985201,Chennai,909,917620000000
910,26-06-2020,135.241885,Jaipur,910,916958000000
911,27-06-2020,89.44910126,Mumbai,911,911477000000
912,28-06-2020,89.65086305,Mumbai,912,915059000000
913,29-06-2020,125.6507274,Delhi,913,912614000000
914,30-06-2020,85.85084108,Chennai,914,911697000000
915,01-07-2020,138.5904017,Delhi,915,917901000000
916,02-07-2020,113.6160232,Delhi,916,916155000000
917,03-07-2020,128.8668314,Chennai,917,911585000000
918,04-07-2020,269.8453964,Delhi,918,914304000000
919,05-07-2020,146.6028689,Chennai,919,916632000000
920,06-07-2020,124.5473931,Mumbai,920,916480000000
921,07-07-2020,89.86519396,Hyderabad,921,912113000000
922,08-07-2020,219.347913,Mumbai,922,918784000000
923,09-07-2020,82.99066799,Chennai,923,911794000000
924,10-07-2020,87.61987157,Jaipur,924,911458000000
925,11-07-2020,120.0577095,Bangalore,925,914985000000
926,12-07-2020,117.422769,Chennai,926,917381000000
927,13-07-2020,120.0445974,Hyderabad,927,915698000000
928,14-07-2020,107.5040218,Pune,928,918423000000
929,15-07-2020,88.60366419,Pune,929,910140000000
930,16-07-2020,114.4307912,Jaipur,930,911524000000
931,17-07-2020,129.7235959,Mumbai,931,915524000000
932,18-07-2020,109.5954059,Mumbai,932,912361000000
933,19-07-2020,63.35323663,Hyderabad,933,915938000000
934,20-07-2020,74.72898648,Chennai,934,912337000000
935,21-07-2020,76.59164975,Delhi,935,911788000000
936,22-07-2020,120.8847596,Bangalore,936,915898000000
937,23-07-2020,117.776658,Kolkata,937,917301000000
938,24-07-2020,131.5420474,Chennai,938,918605000000
939,25-07-2020,105.0603863,Delhi,939,910289000000
940,26-07-2020,93.47870064,Delhi,940,912753000000
941,27-07-2020,91.29922688,Pune,941,915138000000
942,28-07-2020,94.5345475,Hyderabad,942,917636000000
943,29-07-2020,94.19102108,Mumbai,943,914195000000
944,30-07-2020,106.2462786,Bangalore,944,913141000000
945,31-07-2020,91.33360244,Hyderabad,945,913821000000
946,01-08-2020,91.98601968,Chennai,946,911133000000
947,02-08-2020,106.0566556,Jaipur,947,915794000000
948,03-08-2020,99.47826961,Jaipur,948,914246000000
949,04-08-2020,63.68649583,Kolkata,949,916885000000
950,05-08-2020,89.0070397,Bangalore,950,911909000000
951,06-08-2020,114.6942775,Mumbai,951,918261000000
952,07-08-2020,121.788041,Kolkata,952,917422000000
953,08-08-2020,113.1221565,Jaipur,953,919097000000
954,09-08-2020,111.7147064,Delhi,954,918130000000
955,10-08-2020,111.1767518,Jaipur,955,912300000000
956,11-08-2020,222.9233193,Chennai,956,915930000000
957,12-08-2020,116.5944647,Hyderabad,957,915537000000
958,13-08-2020,86.42162633,Hyderabad,958,910120000000
959,14-08-2020,297.7658462,Delhi,959,914616000000
960,15-08-2020,104.6893519,Hyderabad,960,914476000000
961,16-08-2020,96.57407968,Kolkata,961,912940000000
962,17-08-2020,73.24627063,Pune,962,914978000000
963,18-08-2020,104.0022477,Mumbai,963,916404000000
964,19-08-2020,77.9513019,Mumbai,964,918449000000
965,20-08-2020,131.0629659,Chennai,965,910077000000
966,21-08-2020,125.3245871,Bangalore,966,911726000000
967,22-08-2020,135.5462292,Kolkata,967,916933000000
968,23-08-2020,106.4017965,Kolkata,968,914347000000
969,24-08-2020,94.95189552,Pune,969,910248000000
970,25-08-2020,118.7304459,Delhi,970,918257000000
971,26-08-2020,105.1076185,Hyderabad,971,916405000000
972,27-08-2020,80.29831275,Mumbai,972,914853000000
973,28-08-2020,81.19339037,Kolkata,973,912722000000
974,29-08-2020,89.27260362,Mumbai,974,911683000000
975,30-08-2020,118.9471614,Delhi,975,917661000000
976,31-08-2020,106.6179782,Delhi,976,919441000000
977,01-09-2020,97.51518366,Bangalore,977,916550000000
978,02-09-2020,87.76522675,Kolkata,978,918122000000
979,03-09-2020,91.22789986,Mumbai,979,910124000000
980,04-09-2020,60.31742298,Mumbai,980,910133000000
981,05-09-2020,74.79971717,Pune,981,914942000000
982,06-09-2020,118.8937913,Mumbai,982,917003000000
983,07-09-2020,120.7937947,Hyderabad,983,917882000000
984,08-09-2020,110.3853635,Delhi,984,913934000000
985,09-09-2020,99.96606449,Pune,985,911070000000
986,10-09-2020,129.5889482,Pune,986,918263000000
987,11-09-2020,96.97818223,Hyderabad,987,913113000000
988,12-09-2020,132.272157,Kolkata,988,911766000000
989,13-09-2020,108.8110298,Jaipur,989,911480000000
990,14-09-2020,148.1439217,Hyderabad,990,913137000000
991,15-09-2020,122.9573704,Pune,991,912934000000
992,16-09-2020,160.2384899,Mumbai,992,918281000000
993,17-09-2020,45.17192339,Jaipur,993,919663000000
994,18-09-2020,87.89769223,Mumbai,994,911856000000
995,19-09-2020,113.6107751,Pune,995,916460000000
996,20-09-2020,72.09851924,Hyderabad,996,910196000000
997,21-09-2020,84.57868655,Pune,997,919329000000
998,22-09-2020,85.38634952,Hyderabad,998,915159000000
999,23-09-2020,123.2388457,Pune,999,910251000000
1000,24-09-2020,110.6800127,Jaipur,1000,911200000000
1001,25-09-2020,134.6975102,Kolkata,1001,911477000000
1002,26-09-2020,119.1504745,Hyderabad,1002,912460000000
1003,27-09-2020,96.3630753,Mumbai,1003,918726000000
1004,28-09-2020,72.05787524,Delhi,1004,912664000000
1005,29-09-2020,102.2375784,Pune,1005,913206000000
1006,30-09-2020,110.7015045,Kolkata,1006,914030000000
1007,01-10-2020,138.3019068,Chennai,1007,918225000000
1008,02-10-2020,39.90341114,Chennai,1008,912059000000
1009,03-10-2020,61.09572534,Hyderabad,1009,918927000000
1010,04-10-2020,103.1751287,Chennai,1010,917529000000
1011,05-10-2020,201.5925193,Jaipur,1011,912614000000
1012,06-10-2020,111.6146285,Jaipur,1012,915280000000
1013,07-10-2020,129.0213662,Kolkata,1013,919388000000
1014,08-10-2020,121.0105756,Bangalore,1014,919935000000
1015,09-10-2020,93.45505155,Kolkata,1015,910190000000
1016,10-10-2020,79.68571989,Pune,1016,913337000000
1017,11-10-2020,111.3876586,Delhi,1017,917083000000
1018,12-10-2020,72.24954294,Jaipur,1018,918063000000
1019,13-10-2020,55.93167612,Delhi,1019,910371000000
1020,14-10-2020,99.94290373,Hyderabad,1020,917099000000
1021,15-10-2020,100.1959392,Mumbai,1021,915642000000
1022,16-10-2020,103.0251105,Jaipur,1022,916417000000
1023,17-10-2020,102.7776878,Chennai,1023,911038000000
1024,18-10-2020,128.5024852,Kolkata,1024,919825000000
1025,19-10-2020,116.9779158,Mumbai,1025,914100000000
1026,20-10-2020,121.8437866,Bangalore,1026,911043000000
1027,21-10-2020,79.47327716,Chennai,1027,919928000000
1028,22-10-2020,108.6338924,Pune,1028,916117000000
1029,23-10-2020,98.01080523,Mumbai,1029,913436000000
1030,24-10-2020,93.80901732,Mumbai,1030,913078000000
1031,25-10-2020,97.49416994,Chennai,1031,918061000000
1032,26-10-2020,98.83237169,Pune,1032,917176000000
1033,27-10-2020,125.105259,Jaipur,1033,912158000000
1034,28-10-2020,112.0457695,Mumbai,1034,915624000000
1035,29-10-2020,102.6150676,Chennai,1035,910438000000
1036,30-10-2020,131.1815273,Hyderabad,1036,916750000000
1037,31-10-2020,131.0012604,Jaipur,1037,914676000000
1038,01-11-2020,173.8202122,Bangalore,1038,911916000000
1039,02-11-2020,113.2142075,Chennai,1039,917516000000
1040,03-11-2020,89.84183392,Pune,1040,917942000000
1041,04-11-2020,84.97379422,Mumbai,1041,918266000000
1042,05-11-2020,92.87221938,Kolkata,1042,914580000000
1043,06-11-2020,60.80238193,Delhi,1043,919885000000
1044,07-11-2020,96.65832879,Mumbai,1044,915652000000
1045,08-11-2020,133.1970779,Hyderabad,1045,918899000000
1046,09-11-2020,151.2434015,Kolkata,1046,917692000000
1047,10-11-2020,101.6457152,Pune,1047,916648000000
1048,11-11-2020,118.6908526,Hyderabad,1048,910508000000
1049,12-11-2020,106.7796634,Pune,1049,912326000000
1050,13-11-2020,104.9023196,Mumbai,1050,914310000000
1051,14-11-2020,82.70597023,Delhi,1051,911872000000
1052,15-11-2020,83.11949379,Mumbai,1052,919808000000
1053,16-11-2020,134.98955,Chennai,1053,910971000000
1054,17-11-2020,108.2807171,Mumbai,1054,912916000000
1055,18-11-2020,49.26599715,Pune,1055,913646000000
1056,19-11-2020,66.16435976,Mumbai,1056,917485000000
1057,20-11-2020,107.3025425,Jaipur,1057,913008000000
1058,21-11-2020,117.4177934,Pune,1058,914419000000
1059,22-11-2020,101.3298683,Delhi,1059,918803000000
1060,23-11-2020,95.72571367,Mumbai,1060,919285000000
1061,24-11-2020,114.9569348,Hyderabad,1061,915957000000
1062,25-11-2020,137.2279363,Hyderabad,1062,912525000000
1063,26-11-2020,84.609826,Mumbai,1063,912310000000
1064,27-11-2020,100.8676693,Chennai,1064,917993000000
1065,28-11-2020,131.9610211,Mumbai,1065,916658000000
1066,29-11-2020,101.1293577,Bangalore,1066,911720000000
1067,30-11-2020,72.74670626,Hyderabad,1067,916885000000
1068,01-12-2020,110.8413057,Mumbai,1068,915566000000
1069,02-12-2020,65.34694223,Mumbai,1069,917684000000
1070,03-12-2020,277.1270604,Kolkata,1070,913796000000
1071,04-12-2020,111.4353708,Jaipur,1071,917722000000
1072,05-12-2020,88.96568765,Kolkata,1072,916475000000
1073,06-12-2020,61.75476783,Pune,1073,919290000000
1074,07-12-2020,129.0874237,Jaipur,1074,911087000000
1075,08-12-2020,87.16877862,Mumbai,1075,916884000000
1076,09-12-2020,106.6069217,Pune,1076,915256000000
1077,10-12-2020,59.94356306,Hyderabad,1077,915625000000
1078,11-12-2020,128.2478597,Jaipur,1078,911837000000
1079,12-12-2020,71.19115076,Delhi,1079,919321000000
1080,13-12-2020,78.41488477,Bangalore,1080,918493000000
1081,14-12-2020,126.1092318,Hyderabad,1081,912184000000
1082,15-12-2020,75.28312088,Bangalore,1082,918585000000
1083,16-12-2020,96.08209125,Pune,1083,916646000000
1084,17-12-2020,94.53431504,Bangalore,1084,914760000000
1085,18-12-2020,75.74296026,Delhi,1085,915701000000
1086,19-12-2020,82.6548727,Delhi,1086,917336000000
1087,20-12-2020,102.1874827,Mumbai,1087,919763000000
1088,21-12-2020,75.15050793,Chennai,1088,918366000000
1089,22-12-2020,89.88357461,Jaipur,1089,914754000000
1090,23-12-2020,104.4050672,Mumbai,1090,917108000000
1091,24-12-2020,104.7146156,Chennai,1091,910668000000
1092,25-12-2020,122.5641803,Pune,1092,911295000000
1093,26-12-2020,96.70489318,Kolkata,1093,917869000000
1094,27-12-2020,109.3394751,Mumbai,1094,919150000000
1095,28-12-2020,95.19153012,Jaipur,1095,916430000000
1096,29-12-2020,105.9786502,Pune,1096,915672000000
1097,30-12-2020,89.28406246,Pune,1097,912514000000
1098,31-12-2020,65.56773238,Pune,1098,916537000000
1099,01-01-2020,72.0481995,Bangalore,1099,912274000000
1100,02-01-2020,120.937457,Kolkata,1100,910276000000
1101,03-01-2020,91.09945098,Pune,1101,913475000000
1102,04-01-2020,106.8973749,Pune,1102,919168000000
1103,05-01-2020,96.40628175,Mumbai,1103,912594000000
1104,06-01-2020,64.4401342,Pune,1104,915792000000
1105,07-01-2020,78.44687666,Jaipur,1105,917067000000
1106,08-01-2020,110.9680589,Mumbai,1106,912836000000
1107,09-01-2020,109.6217204,Delhi,1107,917823000000
1108,10-01-2020,100.4603677,Hyderabad,1108,910685000000
1109,11-01-2020,120.6340895,Mumbai,1109,910216000000
1110,12-01-2020,107.6861794,Mumbai,1110,914718000000
1111,13-01-2020,57.80883449,Bangalore,1111,917076000000
1112,14-01-2020,77.64964356,Kolkata,1112,912647000000
1113,15-01-2020,44.64062398,Jaipur,1113,910456000000
1114,16-01-2020,92.66621703,Chennai,1114,919318000000
1115,17-01-2020,136.2697293,Jaipur,1115,914893000000
1116,18-01-2020,62.35050155,Bangalore,1116,911504000000
1117,19-01-2020,109.0768002,Hyderabad,1117,913572000000
1118,20-01-2020,75.70137022,Chennai,1118,918737000000
1119,21-01-2020,106.8013246,Pune,1119,912589000000
1120,22-01-2020,85.09550612,Delhi,1120,913723000000
1121,23-01-2020,93.87703828,Delhi,1121,916515000000
1122,24-01-2020,92.5882954,Bangalore,1122,914740000000
1123,25-01-2020,115.2300173,Bangalore,1123,913549000000
1124,26-01-2020,246.4091991,Pune,1124,913091000000
1125,27-01-2020,107.7949548,Mumbai,1125,910788000000
1126,28-01-2020,101.0245915,Delhi,1126,914573000000
1127,29-01-2020,79.21167283,Mumbai,1127,910080000000
1128,30-01-2020,68.02055277,Mumbai,1128,914263000000
1129,31-01-2020,87.53115425,Chennai,1129,915862000000
1130,01-02-2020,99.59647634,Chennai,1130,911562000000
1131,02-02-2020,101.0317098,Bangalore,1131,913772000000
1132,03-02-2020,77.81370933,Kolkata,1132,916604000000
1133,04-02-2020,128.1695867,Mumbai,1133,911729000000
1134,05-02-2020,99.77173909,Kolkata,1134,919426000000
1135,06-02-2020,122.4001073,Chennai,1135,919100000000
1136,07-02-2020,45.90362799,Mumbai,1136,915724000000
1137,08-02-2020,104.8131633,Delhi,1137,912897000000
1138,09-02-2020,67.16963155,Delhi,1138,910793000000
1139,10-02-2020,112.5405864,Bangalore,1139,919960000000
1140,11-02-2020,104.7177041,Chennai,1140,915067000000
1141,12-02-2020,113.5631523,Mumbai,1141,919392000000
1142,13-02-2020,116.3693213,Jaipur,1142,917721000000
1143,14-02-2020,119.6710279,Hyderabad,1143,916760000000
1144,15-02-2020,116.6749954,Hyderabad,1144,912240000000
1145,16-02-2020,82.033047,Pune,1145,910645000000
1146,17-02-2020,79.50265195,Pune,1146,918587000000
1147,18-02-2020,72.894522,Hyderabad,1147,911416000000
1148,19-02-2020,94.88128913,Chennai,1148,916828000000
1149,20-02-2020,127.7093511,Chennai,1149,919790000000
1150,21-02-2020,77.92676989,Pune,1150,919094000000
1151,22-02-2020,84.32100973,Pune,1151,916970000000
1152,23-02-2020,100.4894702,Mumbai,1152,918705000000
1153,24-02-2020,93.42621079,Pune,1153,919249000000
1154,25-02-2020,96.00707889,Kolkata,1154,912661000000
1155,26-02-2020,230.9362141,Kolkata,1155,915966000000
1156,27-02-2020,92.12195934,Kolkata,1156,910987000000
1157,28-02-2020,121.3271223,Kolkata,1157,919386000000
1158,29-02-2020,130.8735944,Mumbai,1158,911781000000
1159,01-03-2020,131.1308382,Jaipur,1159,917157000000
1160,02-03-2020,72.43435886,Hyderabad,1160,916286000000
1161,03-03-2020,152.5973539,Hyderabad,1161,914781000000
1162,04-03-2020,75.60965267,Kolkata,1162,913032000000
1163,05-03-2020,102.1238559,Pune,1163,911928000000
1164,06-03-2020,102.3473684,Hyderabad,1164,914813000000
1165,07-03-2020,98.02622503,Bangalore,1165,917935000000
1166,08-03-2020,63.3285319,Bangalore,1166,918119000000
1167,09-03-2020,109.2354259,Hyderabad,1167,914222000000
1168,10-03-2020,103.9185555,Jaipur,1168,916984000000
1169,11-03-2020,96.01249198,Hyderabad,1169,915815000000
1170,12-03-2020,92.67328728,Pune,1170,913210000000
1171,13-03-2020,73.2954921,Bangalore,1171,919160000000
1172,14-03-2020,72.93934962,Hyderabad,1172,919588000000
1173,15-03-2020,97.81600109,Jaipur,1173,913251000000
1174,16-03-2020,258.5051709,Kolkata,1174,912446000000
1175,17-03-2020,74.61533535,Chennai,1175,913244000000
1176,18-03-2020,149.658332,Pune,1176,915927000000
1177,19-03-2020,126.2996362,Delhi,1177,912151000000
1178,20-03-2020,106.4994585,Bangalore,1178,918075000000
1179,21-03-2020,92.32618131,Mumbai,1179,916531000000
1180,22-03-2020,97.6245512,Pune,1180,913437000000
1181,23-03-2020,100.5922605,Hyderabad,1181,913259000000
1182,24-03-2020,107.135392,Hyderabad,1182,913272000000
1183,25-03-2020,80.93236646,Kolkata,1183,910213000000
1184,26-03-2020,95.26243157,Jaipur,1184,919414000000
1185,27-03-2020,104.3682751,Jaipur,1185,910838000000
1186,28-03-2020,78.81998168,Kolkata,1186,910051000000
1187,29-03-2020,120.6026154,Chennai,1187,910630000000
1188,30-03-2020,96.6248848,Mumbai,1188,913173000000
1189,31-03-2020,107.6846556,Chennai,1189,915386000000
1190,01-04-2020,85.95896955,Mumbai,1190,919403000000
1191,02-04-2020,76.70026187,Jaipur,1191,916294000000
1192,03-04-2020,56.23772538,Bangalore,1192,913753000000
1193,04-04-2020,82.97025586,Mumbai,1193,913941000000
1194,05-04-2020,86.9402917,Bangalore,1194,918120000000
1195,06-04-2020,87.81043524,Jaipur,1195,917260000000
1196,07-04-2020,92.48363672,Jaipur,1196,914256000000
1197,08-04-2020,101.2143286,Chennai,1197,918456000000
1198,09-04-2020,80.09908463,Jaipur,1198,917315000000
1199,10-04-2020,106.9861122,Bangalore,1199,910740000000
1200,11-04-2020,114.8153379,Bangalore,1200,918618000000
1201,12-04-2020,98.24580854,Jaipur,1201,919838000000
1202,13-04-2020,125.9143576,Pune,1202,919968000000
1203,14-04-2020,129.5307838,Pune,1203,911325000000
1204,15-04-2020,99.07307112,Delhi,1204,913582000000
1205,16-04-2020,110.3372701,Chennai,1205,918406000000
1206,17-04-2020,68.7958782,Kolkata,1206,913755000000
1207,18-04-2020,107.1928362,Bangalore,1207,917358000000
1208,19-04-2020,121.2264382,Delhi,1208,912828000000
1209,20-04-2020,90.01730208,Delhi,1209,910017000000
1210,21-04-2020,94.53838715,Hyderabad,1210,911348000000
1211,22-04-2020,87.26443722,Hyderabad,1211,917846000000
1212,23-04-2020,98.7804046,Hyderabad,1212,919497000000
1213,24-04-2020,92.51619361,Kolkata,1213,918155000000
1214,25-04-2020,121.8587026,Pune,1214,917037000000
1215,26-04-2020,141.5123852,Bangalore,1215,918603000000
1216,27-04-2020,98.12105366,Hyderabad,1216,917332000000
1217,28-04-2020,103.4936708,Jaipur,1217,918102000000
1218,29-04-2020,102.7942535,Bangalore,1218,912644000000
1219,30-04-2020,100.3446458,Hyderabad,1219,913342000000
1220,01-05-2020,58.42011339,Kolkata,1220,918697000000
1221,02-05-2020,114.4679241,Pune,1221,911467000000
1222,03-05-2020,120.2472904,Jaipur,1222,918057000000
1223,04-05-2020,69.78593684,Mumbai,1223,913233000000
1224,05-05-2020,122.8203763,Chennai,1224,913196000000
1225,06-05-2020,104.2788502,Mumbai,1225,913209000000
1226,07-05-2020,103.8179152,Mumbai,1226,919040000000
1227,08-05-2020,109.9623153,Hyderabad,1227,916523000000
1228,09-05-2020,109.4101902,Kolkata,1228,914379000000
1229,10-05-2020,124.4701851,Mumbai,1229,911014000000
1230,11-05-2020,110.2401325,Pune,1230,915515000000
1231,12-05-2020,112.8565252,Chennai,1231,913502000000
1232,13-05-2020,62.30283859,Delhi,1232,912057000000
1233,14-05-2020,118.7574063,Bangalore,1233,919610000000
1234,15-05-2020,82.21052364,Hyderabad,1234,912379000000
1235,16-05-2020,86.52804774,Hyderabad,1235,918102000000
1236,17-05-2020,73.64345497,Chennai,1236,913846000000
1237,18-05-2020,96.52622491,Chennai,1237,919632000000
1238,19-05-2020,108.8429565,Mumbai,1238,916161000000
1239,20-05-2020,108.1992195,Bangalore,1239,919366000000
1240,21-05-2020,129.5651377,Kolkata,1240,919829000000
1241,22-05-2020,89.77264692,Pune,1241,913054000000
1242,23-05-2020,112.3620535,Delhi,1242,918502000000
1243,24-05-2020,86.25586459,Mumbai,1243,914702000000
1244,25-05-2020,91.73245722,Hyderabad,1244,915561000000
1245,26-05-2020,247.6069919,Delhi,1245,912617000000
1246,27-05-2020,83.79163161,Kolkata,1246,916581000000
1247,28-05-2020,89.46857303,Delhi,1247,917116000000
1248,29-05-2020,107.0009772,Delhi,1248,919485000000
1249,30-05-2020,78.69991784,Chennai,1249,912986000000
1250,31-05-2020,97.68362547,Bangalore,1250,912092000000
1251,01-06-2020,77.00566748,Chennai,1251,918195000000
1252,02-06-2020,54.2849331,Pune,1252,916425000000
1253,03-06-2020,89.16420568,Bangalore,1253,912725000000
1254,04-06-2020,92.54875807,Kolkata,1254,915230000000
1255,05-06-2020,113.3123621,Hyderabad,1255,912412000000
1256,06-06-2020,132.2126176,Hyderabad,1256,913412000000
1257,07-06-2020,99.96014337,Pune,1257,916317000000
1258,08-06-2020,94.39684944,Chennai,1258,915037000000
1259,09-06-2020,120.0265595,Chennai,1259,914984000000
1260,10-06-2020,112.2114302,Jaipur,1260,916438000000
1261,11-06-2020,52.9919081,Delhi,1261,919586000000
1262,12-06-2020,120.3401364,Kolkata,1262,918960000000
1263,13-06-2020,106.594835,Pune,1263,913941000000
1264,14-06-2020,290.8658375,Kolkata,1264,910588000000
1265,15-06-2020,106.4255638,Delhi,1265,919841000000
1266,16-06-2020,91.34652858,Mumbai,1266,911620000000
1267,17-06-2020,84.37781694,Pune,1267,910287000000
1268,18-06-2020,85.32938026,Mumbai,1268,914567000000
1269,19-06-2020,70.74804171,Pune,1269,919349000000
1270,20-06-2020,76.47307237,Delhi,1270,912518000000
1271,21-06-2020,87.32469729,Jaipur,1271,911844000000
1272,22-06-2020,84.71647628,Mumbai,1272,911951000000
1273,23-06-2020,75.0440044,Mumbai,1273,915793000000
1274,24-06-2020,107.4686245,Hyderabad,1274,915073000000
1275,25-06-2020,125.5961457,Pune,1275,913624000000
1276,26-06-2020,92.61205524,Chennai,1276,918169000000
1277,27-06-2020,75.66792302,Pune,1277,912283000000
1278,28-06-2020,110.3539103,Mumbai,1278,915541000000
1279,29-06-2020,84.06590336,Chennai,1279,918765000000
1280,30-06-2020,128.6914037,Bangalore,1280,912934000000
1281,01-07-2020,228.4987333,Chennai,1281,910820000000
1282,02-07-2020,129.8249756,Hyderabad,1282,913234000000
1283,03-07-2020,118.3028229,Jaipur,1283,919989000000
1284,04-07-2020,131.0270635,Kolkata,1284,912595000000
1285,05-07-2020,110.5470651,Mumbai,1285,911938000000
1286,06-07-2020,239.5591818,Jaipur,1286,916721000000
1287,07-07-2020,66.63657716,Mumbai,1287,910385000000
1288,08-07-2020,95.15698854,Jaipur,1288,913997000000
1289,09-07-2020,100.0274525,Chennai,1289,915247000000
1290,10-07-2020,72.20517401,Kolkata,1290,914296000000
1291,11-07-2020,99.3363317,Delhi,1291,916627000000
1292,12-07-2020,94.31540321,Mumbai,1292,917418000000
1293,13-07-2020,81.59491835,Jaipur,1293,913106000000
1294,14-07-2020,86.42776546,Pune,1294,918560000000
1295,15-07-2020,82.00895592,Hyderabad,1295,917706000000
1296,16-07-2020,99.95383605,Bangalore,1296,910367000000
1297,17-07-2020,56.44315834,Hyderabad,1297,917686000000
1298,18-07-2020,84.82518462,Chennai,1298,910472000000
1299,19-07-2020,89.44910386,Kolkata,1299,914445000000
1300,20-07-2020,112.0248829,Chennai,1300,919253000000
1301,21-07-2020,133.1730557,Mumbai,1301,911435000000
1302,22-07-2020,112.8185204,Hyderabad,1302,916301000000
1303,23-07-2020,108.8813451,Mumbai,1303,919616000000
1304,24-07-2020,124.349789,Mumbai,1304,914173000000
1305,25-07-2020,92.97435769,Jaipur,1305,913614000000
1306,26-07-2020,81.28136373,Delhi,1306,915216000000
1307,27-07-2020,77.22804606,Mumbai,1307,919182000000
1308,28-07-2020,102.7422374,Hyderabad,1308,919548000000
1309,29-07-2020,107.3228781,Delhi,1309,910839000000
1310,30-07-2020,127.7698765,Mumbai,1310,916900000000
1311,31-07-2020,99.2955503,Kolkata,1311,912618000000
1312,01-08-2020,135.1290443,Pune,1312,911507000000
1313,02-08-2020,88.76212604,Delhi,1313,919207000000
1314,03-08-2020,92.88074475,Mumbai,1314,914770000000
1315,04-08-2020,124.7691447,Chennai,1315,911000000000
1316,05-08-2020,94.91196699,Chennai,1316,916941000000
1317,06-08-2020,107.175641,Pune,1317,910127000000
1318,07-08-2020,94.07795706,Jaipur,1318,911590000000
1319,08-08-2020,76.03187437,Jaipur,1319,914512000000
1320,09-08-2020,85.31793947,Mumbai,1320,911208000000
1321,10-08-2020,109.0363873,Chennai,1321,911136000000
1322,11-08-2020,78.14104728,Hyderabad,1322,917556000000
1323,12-08-2020,102.2888784,Kolkata,1323,913132000000
1324,13-08-2020,113.9437672,Mumbai,1324,914953000000
1325,14-08-2020,141.9612427,Pune,1325,911870000000
1326,15-08-2020,92.13135103,Hyderabad,1326,911175000000
1327,16-08-2020,102.1501753,Kolkata,1327,913970000000
1328,17-08-2020,60.39975215,Hyderabad,1328,912312000000
1329,18-08-2020,109.6420715,Jaipur,1329,919475000000
1330,19-08-2020,110.1329377,Pune,1330,913214000000
1331,20-08-2020,68.89619425,Bangalore,1331,914180000000
1332,21-08-2020,103.6230468,Chennai,1332,917144000000
1333,22-08-2020,71.72737137,Mumbai,1333,912353000000
1334,23-08-2020,112.6843552,Kolkata,1334,914441000000
1335,24-08-2020,96.758752,Kolkata,1335,911543000000
1336,25-08-2020,108.1632198,Kolkata,1336,911054000000
1337,26-08-2020,84.42181465,Bangalore,1337,912887000000
1338,27-08-2020,112.7912684,Bangalore,1338,919232000000
1339,28-08-2020,117.3205178,Delhi,1339,916616000000
1340,29-08-2020,75.27492821,Bangalore,1340,916298000000
1341,30-08-2020,48.92589267,Hyderabad,1341,918641000000
1342,31-08-2020,115.1684163,Bangalore,1342,915662000000
1343,01-09-2020,77.33912094,Hyderabad,1343,910154000000
1344,02-09-2020,98.8487205,Bangalore,1344,910583000000
1345,03-09-2020,93.18823288,Pune,1345,915608000000
1346,04-09-2020,91.95617343,Delhi,1346,916418000000
1347,05-09-2020,228.1543387,Mumbai,1347,912109000000
1348,06-09-2020,112.5110242,Chennai,1348,919950000000
1349,07-09-2020,101.8672771,Mumbai,1349,912109000000
1350,08-09-2020,113.6501424,Delhi,1350,918840000000
1351,09-09-2020,94.56643635,Delhi,1351,919682000000
1352,10-09-2020,81.12047093,Mumbai,1352,919631000000
1353,11-09-2020,93.88822212,Kolkata,1353,916818000000
1354,12-09-2020,135.6351042,Delhi,1354,918063000000
1355,13-09-2020,108.0855466,Hyderabad,1355,912616000000
1356,14-09-2020,118.3481357,Delhi,1356,918853000000
1357,15-09-2020,101.544664,Jaipur,1357,912588000000
1358,16-09-2020,117.586107,Kolkata,1358,915141000000
1359,17-09-2020,109.543532,Delhi,1359,913568000000
1360,18-09-2020,105.5196366,Bangalore,1360,919797000000
1361,19-09-2020,107.6412246,Bangalore,1361,918740000000
1362,20-09-2020,88.66509316,Delhi,1362,917997000000
1363,21-09-2020,152.0008014,Kolkata,1363,918593000000
1364,22-09-2020,92.82497343,Delhi,1364,912186000000
1365,23-09-2020,110.8936109,Pune,1365,916200000000
1366,24-09-2020,113.4484187,Kolkata,1366,918864000000
1367,25-09-2020,60.90234201,Chennai,1367,918451000000
1368,26-09-2020,102.0758256,Pune,1368,918122000000
1369,27-09-2020,97.31961066,Mumbai,1369,915922000000
1370,28-09-2020,92.99619552,Delhi,1370,919680000000
1371,29-09-2020,102.3096322,Mumbai,1371,917473000000
1372,30-09-2020,130.6139872,Pune,1372,917716000000
1373,01-10-2020,75.57166314,Chennai,1373,911383000000
1374,02-10-2020,106.8309757,Chennai,1374,910793000000
1375,03-10-2020,106.0889705,Bangalore,1375,912641000000
1376,04-10-2020,97.45050247,Jaipur,1376,912565000000
1377,05-10-2020,83.78582848,Chennai,1377,917212000000
1378,06-10-2020,96.18124922,Hyderabad,1378,910482000000
1379,07-10-2020,98.05699144,Mumbai,1379,914913000000
1380,08-10-2020,91.68761543,Jaipur,1380,915882000000
1381,09-10-2020,78.7722901,Pune,1381,914532000000
1382,10-10-2020,114.029525,Mumbai,1382,913136000000
1383,11-10-2020,117.4842942,Chennai,1383,916772000000
1384,12-10-2020,114.9766048,Chennai,1384,917033000000
1385,13-10-2020,96.04744859,Mumbai,1385,916769000000
1386,14-10-2020,69.65617861,Delhi,1386,918687000000
1387,15-10-2020,120.3380313,Hyderabad,1387,912270000000
1388,16-10-2020,148.9308968,Delhi,1388,914630000000
1389,17-10-2020,80.64926303,Bangalore,1389,917551000000
1390,18-10-2020,94.42162807,Bangalore,1390,911972000000
1391,19-10-2020,103.9861712,Kolkata,1391,912038000000
1392,20-10-2020,76.61096757,Bangalore,1392,916605000000
1393,21-10-2020,124.1821688,Pune,1393,915834000000
1394,22-10-2020,111.8681749,Jaipur,1394,916025000000
1395,23-10-2020,121.7451177,Jaipur,1395,910164000000
1396,24-10-2020,115.5175323,Kolkata,1396,917140000000
1397,25-10-2020,113.7535398,Chennai,1397,915896000000
1398,26-10-2020,80.76151801,Hyderabad,1398,917746000000
1399,27-10-2020,96.09731209,Chennai,1399,919772000000
1400,28-10-2020,98.84259153,Jaipur,1400,915089000000
1401,29-10-2020,95.9274235,Hyderabad,1401,916891000000
1402,30-10-2020,89.3673747,Delhi,1402,915918000000
1403,31-10-2020,131.857486,Kolkata,1403,912805000000
1404,01-11-2020,103.3951581,Hyderabad,1404,918045000000
1405,02-11-2020,134.4086513,Mumbai,1405,911572000000
1406,03-11-2020,87.34250042,Pune,1406,919585000000
1407,04-11-2020,104.6255032,Chennai,1407,918986000000
1408,05-11-2020,89.23158149,Hyderabad,1408,911789000000
1409,06-11-2020,89.97666634,Hyderabad,1409,917739000000
1410,07-11-2020,98.42965342,Delhi,1410,913896000000
1411,08-11-2020,94.32011093,Hyderabad,1411,919276000000
1412,09-11-2020,77.78159635,Mumbai,1412,910943000000
1413,10-11-2020,91.06736053,Delhi,1413,915172000000
1414,11-11-2020,105.5686858,Pune,1414,911225000000
1415,12-11-2020,116.6830014,Pune,1415,916752000000
1416,13-11-2020,284.5693789,Delhi,1416,919325000000
1417,14-11-2020,84.12423059,Kolkata,1417,912859000000
1418,15-11-2020,108.2811973,Kolkata,1418,917378000000
1419,16-11-2020,103.4004213,Mumbai,1419,914553000000
1420,17-11-2020,118.8195118,Pune,1420,916156000000
1421,18-11-2020,114.6998123,Bangalore,1421,910336000000
1422,19-11-2020,87.98490914,Pune,1422,910102000000
1423,20-11-2020,99.53845116,Mumbai,1423,915921000000
1424,21-11-2020,96.4415788,Delhi,1424,912551000000
1425,22-11-2020,76.25789299,Jaipur,1425,917534000000
1426,23-11-2020,80.63482967,Chennai,1426,912177000000
1427,24-11-2020,58.45119329,Chennai,1427,918966000000
1428,25-11-2020,86.21660902,Pune,1428,915894000000
1429,26-11-2020,112.6626493,Chennai,1429,918852000000
1430,27-11-2020,90.57884505,Bangalore,1430,918163000000
1431,28-11-2020,90.35125371,Hyderabad,1431,918795000000
1432,29-11-2020,87.59272143,Chennai,1432,916776000000
1433,30-11-2020,90.60384257,Delhi,1433,919948000000
1434,01-12-2020,69.38322728,Jaipur,1434,911968000000
1435,02-12-2020,122.6881816,Delhi,1435,913198000000
1436,03-12-2020,97.14848816,Bangalore,1436,911399000000
1437,04-12-2020,119.5489679,Mumbai,1437,919897000000
1438,05-12-2020,145.7440406,Mumbai,1438,910389000000
1439,06-12-2020,100.7656688,Mumbai,1439,919253000000
1440,07-12-2020,93.22665557,Chennai,1440,912809000000
1441,08-12-2020,79.49138625,Bangalore,1441,918079000000
1442,09-12-2020,142.9929408,Bangalore,1442,916350000000
1443,10-12-2020,110.9238402,Mumbai,1443,912153000000
1444,11-12-2020,49.46635184,Kolkata,1444,914953000000
1445,12-12-2020,94.78623462,Jaipur,1445,919975000000
1446,13-12-2020,83.39666773,Pune,1446,910947000000
1447,14-12-2020,107.7527545,Pune,1447,913969000000
1448,15-12-2020,102.7976386,Jaipur,1448,915438000000
1449,16-12-2020,85.20374708,Mumbai,1449,914186000000
1450,17-12-2020,123.3214279,Chennai,1450,917423000000
1451,18-12-2020,116.5067308,Kolkata,1451,912607000000
1452,19-12-2020,70.90660456,Mumbai,1452,917491000000
1453,20-12-2020,99.1393962,Delhi,1453,911623000000
1454,21-12-2020,85.89840479,Bangalore,1454,919607000000
1455,22-12-2020,110.7808143,Pune,1455,914578000000
1456,23-12-2020,79.97467095,Mumbai,1456,913900000000
1457,24-12-2020,85.61794045,Jaipur,1457,916337000000
1458,25-12-2020,116.2048873,Jaipur,1458,910541000000
1459,26-12-2020,119.7333294,Jaipur,1459,917044000000
1460,27-12-2020,99.52103694,Chennai,1460,910514000000
1461,28-12-2020,72.52110493,Mumbai,1461,919277000000
1462,29-12-2020,122.8098547,Kolkata,1462,911250000000
1463,30-12-2020,109.8454338,Kolkata,1463,918887000000
1464,31-12-2020,114.6970666,Hyderabad,1464,915877000000
1465,01-01-2020,85.03866904,Mumbai,1465,914104000000
1466,02-01-2020,65.59914429,Pune,1466,910527000000
1467,03-01-2020,120.6748197,Delhi,1467,917785000000
1468,04-01-2020,98.0383575,Pune,1468,913329000000
1469,05-01-2020,85.11172642,Delhi,1469,913834000000
1470,06-01-2020,93.50432991,Chennai,1470,916457000000
1471,07-01-2020,120.7813656,Delhi,1471,913793000000
1472,08-01-2020,79.78679898,Jaipur,1472,915690000000
1473,09-01-2020,129.4886284,Delhi,1473,913577000000
1474,10-01-2020,106.8912079,Chennai,1474,919028000000
1475,11-01-2020,99.09211306,Bangalore,1475,912041000000
1476,12-01-2020,134.5830838,Mumbai,1476,911989000000
1477,13-01-2020,77.06886558,Kolkata,1477,918601000000
1478,14-01-2020,96.17708327,Chennai,1478,910667000000
1479,15-01-2020,108.626699,Bangalore,1479,915299000000
1480,16-01-2020,79.3043369,Bangalore,1480,918831000000
1481,17-01-2020,81.1869953,Pune,1481,913918000000
1482,18-01-2020,90.48763469,Mumbai,1482,914999000000
1483,19-01-2020,104.2334686,Kolkata,1483,912118000000
1484,20-01-2020,74.67332409,Jaipur,1484,916033000000
1485,21-01-2020,100.59696,Bangalore,1485,916798000000
1486,22-01-2020,59.4986254,Delhi,1486,918269000000
1487,23-01-2020,112.5082096,Kolkata,1487,910448000000
1488,24-01-2020,63.90618243,Delhi,1488,916451000000
1489,25-01-2020,132.7562237,Jaipur,1489,911247000000
1490,26-01-2020,64.85035224,Mumbai,1490,912303000000
1491,27-01-2020,105.6549076,Kolkata,1491,913714000000
1492,28-01-2020,71.3717477,Delhi,1492,911248000000
1493,29-01-2020,93.13518345,Pune,1493,915932000000
1494,30-01-2020,89.72027242,Delhi,1494,918456000000
1495,31-01-2020,100.1291876,Delhi,1495,915733000000
1496,01-02-2020,64.04560912,Mumbai,1496,918574000000
1497,02-02-2020,105.0638437,Mumbai,1497,914980000000
1498,03-02-2020,92.89218262,Hyderabad,1498,916580000000
1499,04-02-2020,87.24353143,Bangalore,1499,911119000000
1500,05-02-2020,100.2923196,Pune,1500,916026000000
1501,06-02-2020,127.2757445,Delhi,1501,918668000000
1502,07-02-2020,95.12900886,Bangalore,1502,918564000000
1503,08-02-2020,118.3273487,Delhi,1503,912835000000
1504,09-02-2020,169.3012247,Mumbai,1504,914716000000
1505,10-02-2020,120.5566049,Chennai,1505,910003000000
1506,11-02-2020,121.4409945,Chennai,1506,917437000000
1507,12-02-2020,85.04717763,Delhi,1507,917363000000
1508,13-02-2020,280.9836914,Hyderabad,1508,914330000000
1509,14-02-2020,75.3249517,Pune,1509,916528000000
1510,15-02-2020,129.1388791,Mumbai,1510,911302000000
1511,16-02-2020,95.08945078,Pune,1511,912493000000
1512,17-02-2020,105.7708246,Chennai,1512,911576000000
1513,18-02-2020,107.7748286,Bangalore,1513,918584000000
1514,19-02-2020,88.97084197,Mumbai,1514,914093000000
1515,20-02-2020,82.86223424,Jaipur,1515,919058000000
1516,21-02-2020,134.6864034,Pune,1516,910746000000
1517,22-02-2020,109.523033,Delhi,1517,910342000000
1518,23-02-2020,130.5492146,Hyderabad,1518,915247000000
1519,24-02-2020,115.8743983,Jaipur,1519,919685000000
1520,25-02-2020,107.5636019,Delhi,1520,917352000000
1521,26-02-2020,53.53046305,Mumbai,1521,912919000000
1522,27-02-2020,80.22559146,Pune,1522,916682000000
1523,28-02-2020,91.56238516,Chennai,1523,914183000000
1524,29-02-2020,110.5393912,Mumbai,1524,916517000000
1525,01-03-2020,121.6744557,Delhi,1525,918876000000
1526,02-03-2020,102.1200286,Delhi,1526,917542000000
1527,03-03-2020,114.6346571,Delhi,1527,912793000000
1528,04-03-2020,125.2003236,Kolkata,1528,916917000000
1529,05-03-2020,78.60972112,Chennai,1529,918863000000
1530,06-03-2020,70.21538976,Delhi,1530,914657000000
1531,07-03-2020,120.2338337,Delhi,1531,910127000000
1532,08-03-2020,128.4509132,Jaipur,1532,918891000000
1533,09-03-2020,124.4515392,Pune,1533,917362000000
1534,10-03-2020,68.67472741,Bangalore,1534,910713000000
1535,11-03-2020,107.504226,Chennai,1535,915851000000
1536,12-03-2020,102.9232047,Delhi,1536,910458000000
1537,13-03-2020,86.77859288,Delhi,1537,910123000000
1538,14-03-2020,73.19384949,Kolkata,1538,915161000000
1539,15-03-2020,99.08025171,Delhi,1539,911632000000
1540,16-03-2020,118.4865471,Hyderabad,1540,912369000000
1541,17-03-2020,113.41987,Bangalore,1541,911640000000
1542,18-03-2020,102.2507689,Kolkata,1542,910424000000
1543,19-03-2020,112.4740518,Pune,1543,915202000000
1544,20-03-2020,62.97368124,Bangalore,1544,914746000000
1545,21-03-2020,154.9459636,Mumbai,1545,913933000000
1546,22-03-2020,60.88411124,Delhi,1546,918235000000
1547,23-03-2020,101.6960012,Delhi,1547,916467000000
1548,24-03-2020,116.4313584,Kolkata,1548,914438000000
1549,25-03-2020,85.30946064,Jaipur,1549,910141000000
1550,26-03-2020,105.2952833,Jaipur,1550,916191000000
1551,27-03-2020,92.33379999,Mumbai,1551,912164000000
1552,28-03-2020,92.73367687,Bangalore,1552,911162000000
1553,29-03-2020,94.47642372,Hyderabad,1553,910720000000
1554,30-03-2020,199.5756212,Bangalore,1554,913186000000
1555,31-03-2020,68.42978047,Hyderabad,1555,913952000000
1556,01-04-2020,224.9344769,Bangalore,1556,911513000000
1557,02-04-2020,217.9976094,Pune,1557,919168000000
1558,03-04-2020,108.534006,Pune,1558,917351000000
1559,04-04-2020,82.89843568,Jaipur,1559,913180000000
1560,05-04-2020,103.0056313,Jaipur,1560,910427000000
1561,06-04-2020,113.88566,Jaipur,1561,911867000000
1562,07-04-2020,85.20357147,Pune,1562,910497000000
1563,08-04-2020,114.1005332,Pune,1563,917815000000
1564,09-04-2020,68.1792723,Delhi,1564,913471000000
1565,10-04-2020,100.6129475,Hyderabad,1565,917811000000
1566,11-04-2020,73.42573154,Chennai,1566,913861000000
1567,12-04-2020,104.5743324,Bangalore,1567,912402000000
1568,13-04-2020,120.9201455,Chennai,1568,913313000000
1569,14-04-2020,89.72883733,Mumbai,1569,914157000000
1570,15-04-2020,121.5990374,Kolkata,1570,914821000000
1571,16-04-2020,78.41172787,Jaipur,1571,915423000000
1572,17-04-2020,108.7977027,Delhi,1572,914406000000
1573,18-04-2020,83.06889931,Pune,1573,912222000000
1574,19-04-2020,60.49843247,Kolkata,1574,916113000000
1575,20-04-2020,77.5883921,Jaipur,1575,910033000000
1576,21-04-2020,49.81774347,Pune,1576,919126000000
1577,22-04-2020,102.0192974,Mumbai,1577,911592000000
1578,23-04-2020,96.44930565,Pune,1578,915225000000
1579,24-04-2020,55.06147683,Bangalore,1579,912325000000
1580,25-04-2020,95.3311978,Kolkata,1580,916220000000
1581,26-04-2020,85.08889946,Delhi,1581,917058000000
1582,27-04-2020,94.05176205,Mumbai,1582,919170000000
1583,28-04-2020,121.1834575,Chennai,1583,914325000000
1584,29-04-2020,73.46678656,Jaipur,1584,910077000000
1585,30-04-2020,94.10391113,Hyderabad,1585,917618000000
1586,01-05-2020,124.6714825,Delhi,1586,919673000000
1587,02-05-2020,69.70402632,Kolkata,1587,919228000000
1588,03-05-2020,108.3301089,Jaipur,1588,914088000000
1589,04-05-2020,111.089048,Jaipur,1589,915097000000
1590,05-05-2020,101.0892596,Pune,1590,918553000000
1591,06-05-2020,86.52934038,Jaipur,1591,913404000000
1592,07-05-2020,59.67980734,Jaipur,1592,912421000000
1593,08-05-2020,119.4148002,Jaipur,1593,917978000000
1594,09-05-2020,77.5163865,Jaipur,1594,913397000000
1595,10-05-2020,80.54500579,Delhi,1595,919350000000
1596,11-05-2020,109.2402822,Pune,1596,916347000000
1597,12-05-2020,93.87152736,Bangalore,1597,915318000000
1598,13-05-2020,43.86984339,Mumbai,1598,919154000000
1599,14-05-2020,63.01518856,Hyderabad,1599,910851000000
1600,15-05-2020,97.02159065,Delhi,1600,912642000000
1601,16-05-2020,117.3677313,Hyderabad,1601,918738000000
1602,17-05-2020,108.9730329,Bangalore,1602,914265000000
1603,18-05-2020,194.2766384,Delhi,1603,919135000000
1604,19-05-2020,89.18783908,Jaipur,1604,912860000000
1605,20-05-2020,105.8811964,Mumbai,1605,916470000000
1606,21-05-2020,80.71643366,Pune,1606,914078000000
1607,22-05-2020,104.9420594,Jaipur,1607,915853000000
1608,23-05-2020,107.1597105,Delhi,1608,915279000000
1609,24-05-2020,138.3154443,Kolkata,1609,918800000000
1610,25-05-2020,103.2979548,Mumbai,1610,914194000000
1611,26-05-2020,77.66687264,Chennai,1611,913282000000
1612,27-05-2020,102.6147914,Jaipur,1612,913153000000
1613,28-05-2020,55.77513627,Kolkata,1613,910637000000
1614,29-05-2020,86.18613992,Pune,1614,918496000000
1615,30-05-2020,100.6533623,Jaipur,1615,912515000000
1616,31-05-2020,83.30205536,Jaipur,1616,910530000000
1617,01-06-2020,89.964767,Hyderabad,1617,917531000000
1618,02-06-2020,98.20469873,Kolkata,1618,914524000000
1619,03-06-2020,66.67662051,Pune,1619,918044000000
1620,04-06-2020,93.43436063,Kolkata,1620,915349000000
1621,05-06-2020,202.411016,Bangalore,1621,911601000000
1622,06-06-2020,86.55875756,Kolkata,1622,915186000000
1623,07-06-2020,40.32337044,Jaipur,1623,916004000000
1624,08-06-2020,90.35634218,Jaipur,1624,913441000000
1625,09-06-2020,116.9114026,Bangalore,1625,917994000000
1626,10-06-2020,69.74149685,Bangalore,1626,916047000000
1627,11-06-2020,94.77897816,Bangalore,1627,917355000000
1628,12-06-2020,105.1006708,Delhi,1628,915732000000
1629,13-06-2020,72.37702115,Mumbai,1629,912493000000
1630,14-06-2020,93.93523053,Mumbai,1630,912418000000
1631,15-06-2020,82.49448444,Mumbai,1631,914935000000
1632,16-06-2020,88.55432982,Pune,1632,919608000000
1633,17-06-2020,143.9399283,Delhi,1633,910856000000
1634,18-06-2020,113.9791216,Hyderabad,1634,916176000000
1635,19-06-2020,89.60416948,Hyderabad,1635,917059000000
1636,20-06-2020,75.30201525,Chennai,1636,911362000000
1637,21-06-2020,129.4457474,Mumbai,1637,917555000000
1638,22-06-2020,115.5455329,Chennai,1638,917887000000
1639,23-06-2020,116.8673512,Hyderabad,1639,911822000000
1640,24-06-2020,108.8564135,Kolkata,1640,910455000000
1641,25-06-2020,83.31174035,Jaipur,1641,915842000000
1642,26-06-2020,79.99240231,Bangalore,1642,918866000000
1643,27-06-2020,69.20923151,Delhi,1643,914907000000
1644,28-06-2020,109.6364099,Mumbai,1644,919450000000
1645,29-06-2020,69.86946238,Kolkata,1645,915254000000
1646,30-06-2020,104.8021275,Kolkata,1646,918592000000
1647,01-07-2020,88.01797559,Jaipur,1647,917383000000
1648,02-07-2020,71.15475929,Pune,1648,919211000000
1649,03-07-2020,148.6323915,Bangalore,1649,915686000000
1650,04-07-2020,82.87657676,Jaipur,1650,911422000000
1651,05-07-2020,112.5669443,Jaipur,1651,911520000000
1652,06-07-2020,86.65415306,Chennai,1652,915748000000
1653,07-07-2020,127.3414582,Mumbai,1653,919803000000
1654,08-07-2020,111.1843093,Delhi,1654,915545000000
1655,09-07-2020,105.3702558,Hyderabad,1655,916580000000
1656,10-07-2020,103.0699717,Chennai,1656,910957000000
1657,11-07-2020,100.5677193,Mumbai,1657,915898000000
1658,12-07-2020,126.7508926,Hyderabad,1658,911159000000
1659,13-07-2020,106.8795191,Pune,1659,919239000000
1660,14-07-2020,94.31607249,Bangalore,1660,911395000000
1661,15-07-2020,106.758001,Chennai,1661,911049000000
1662,16-07-2020,126.663306,Chennai,1662,919797000000
1663,17-07-2020,76.40432454,Mumbai,1663,914475000000
1664,18-07-2020,116.4352737,Jaipur,1664,916315000000
1665,19-07-2020,111.4055509,Bangalore,1665,915390000000
1666,20-07-2020,102.0877458,Hyderabad,1666,915645000000
1667,21-07-2020,103.4800308,Mumbai,1667,910130000000
1668,22-07-2020,73.75073764,Chennai,1668,913399000000
1669,23-07-2020,87.27876585,Jaipur,1669,917488000000
1670,24-07-2020,95.72580614,Bangalore,1670,919180000000
1671,25-07-2020,55.52751483,Delhi,1671,915358000000
1672,26-07-2020,91.43904888,Pune,1672,919414000000
1673,27-07-2020,85.50154259,Mumbai,1673,917510000000
1674,28-07-2020,99.30490274,Delhi,1674,911708000000
1675,29-07-2020,114.6835883,Jaipur,1675,910577000000
1676,30-07-2020,83.15149918,Chennai,1676,912518000000
1677,31-07-2020,101.9644465,Chennai,1677,919255000000
1678,01-08-2020,91.10677144,Hyderabad,1678,910355000000
1679,02-08-2020,87.66311706,Chennai,1679,913071000000
1680,03-08-2020,104.7536269,Jaipur,1680,913362000000
1681,04-08-2020,96.51531201,Bangalore,1681,912148000000
1682,05-08-2020,112.6859072,Chennai,1682,910734000000
1683,06-08-2020,91.84589955,Delhi,1683,919291000000
1684,07-08-2020,156.8107397,Kolkata,1684,912795000000
1685,08-08-2020,123.7768392,Delhi,1685,918528000000
1686,09-08-2020,80.47854411,Jaipur,1686,918453000000
1687,10-08-2020,309.8804242,Hyderabad,1687,915672000000
1688,11-08-2020,199.589406,Delhi,1688,918820000000
1689,12-08-2020,113.1181924,Chennai,1689,911953000000
1690,13-08-2020,82.8957452,Mumbai,1690,919493000000
1691,14-08-2020,138.2101339,Delhi,1691,919004000000
1692,15-08-2020,90.37065055,Mumbai,1692,915874000000
1693,16-08-2020,132.3412859,Bangalore,1693,918172000000
1694,17-08-2020,108.9648042,Delhi,1694,917386000000
1695,18-08-2020,83.13265057,Bangalore,1695,917706000000
1696,19-08-2020,113.5791665,Pune,1696,916276000000
1697,20-08-2020,70.83991174,Pune,1697,915332000000
1698,21-08-2020,119.26612,Delhi,1698,917257000000
1699,22-08-2020,155.4386683,Mumbai,1699,910474000000
1700,23-08-2020,105.9694016,Hyderabad,1700,911757000000
1701,24-08-2020,76.16600637,Chennai,1701,911501000000
1702,25-08-2020,103.2957719,Delhi,1702,913296000000
1703,26-08-2020,88.53181234,Chennai,1703,914596000000
1704,27-08-2020,109.8934142,Mumbai,1704,912768000000
1705,28-08-2020,89.54446922,Bangalore,1705,914210000000
1706,29-08-2020,81.15356108,Delhi,1706,917655000000
1707,30-08-2020,111.2996562,Delhi,1707,913854000000
1708,31-08-2020,123.18391,Chennai,1708,910959000000
1709,01-09-2020,121.1378654,Mumbai,1709,914821000000
1710,02-09-2020,110.1348475,Chennai,1710,915113000000
1711,03-09-2020,81.25286801,Delhi,1711,915383000000
1712,04-09-2020,88.37952545,Bangalore,1712,912294000000
1713,05-09-2020,92.22139039,Kolkata,1713,911621000000
1714,06-09-2020,135.2422381,Hyderabad,1714,913445000000
1715,07-09-2020,101.5781226,Kolkata,1715,913668000000
1716,08-09-2020,127.1189098,Delhi,1716,915700000000
1717,09-09-2020,85.45442074,Chennai,1717,917930000000
1718,10-09-2020,124.9089671,Kolkata,1718,913189000000
1719,11-09-2020,89.28144579,Jaipur,1719,912839000000
1720,12-09-2020,96.29861026,Bangalore,1720,911548000000
1721,13-09-2020,88.92648114,Bangalore,1721,911455000000
1722,14-09-2020,106.1800498,Jaipur,1722,918946000000
1723,15-09-2020,94.16207763,Mumbai,1723,916593000000
1724,16-09-2020,113.1668828,Pune,1724,919747000000
1725,17-09-2020,86.77935707,Jaipur,1725,913619000000
1726,18-09-2020,68.9142566,Mumbai,1726,918644000000
1727,19-09-2020,97.70425359,Pune,1727,911647000000
1728,20-09-2020,83.21464122,Chennai,1728,912286000000
1729,21-09-2020,231.942216,Chennai,1729,913002000000
1730,22-09-2020,71.15540422,Jaipur,1730,915318000000
1731,23-09-2020,118.0785027,Kolkata,1731,912531000000
1732,24-09-2020,133.5247934,Mumbai,1732,919992000000
1733,25-09-2020,102.4947071,Kolkata,1733,917243000000
1734,26-09-2020,102.276829,Delhi,1734,911240000000
1735,27-09-2020,163.0591755,Jaipur,1735,912186000000
1736,28-09-2020,86.20636379,Kolkata,1736,911703000000
1737,29-09-2020,95.90724882,Delhi,1737,914849000000
1738,30-09-2020,240.9264744,Hyderabad,1738,918780000000
1739,01-10-2020,70.7499141,Jaipur,1739,912299000000
1740,02-10-2020,114.1013523,Chennai,1740,910450000000
1741,03-10-2020,88.3800941,Delhi,1741,916553000000
1742,04-10-2020,80.76994165,Bangalore,1742,913376000000
1743,05-10-2020,78.90276831,Jaipur,1743,916497000000
1744,06-10-2020,96.85882396,Delhi,1744,919614000000
1745,07-10-2020,105.1838132,Jaipur,1745,911773000000
1746,08-10-2020,93.82263948,Chennai,1746,910696000000
1747,09-10-2020,116.6225872,Hyderabad,1747,910902000000
1748,10-10-2020,113.7608232,Hyderabad,1748,912286000000
1749,11-10-2020,175.4094758,Bangalore,1749,913780000000
1750,12-10-2020,46.66003058,Mumbai,1750,913543000000
1751,13-10-2020,108.6287345,Delhi,1751,915149000000
1752,14-10-2020,108.8592772,Mumbai,1752,915876000000
1753,15-10-2020,110.6726242,Pune,1753,910049000000
1754,16-10-2020,77.61335848,Hyderabad,1754,916848000000
1755,17-10-2020,114.1698413,Bangalore,1755,911359000000
1756,18-10-2020,119.7095125,Mumbai,1756,914260000000
1757,19-10-2020,101.7819445,Bangalore,1757,919450000000
1758,20-10-2020,104.3794869,Hyderabad,1758,912532000000
1759,21-10-2020,137.3281261,Pune,1759,910964000000
1760,22-10-2020,90.40371273,Kolkata,1760,917658000000
1761,23-10-2020,100.8410122,Bangalore,1761,919886000000
1762,24-10-2020,117.320919,Chennai,1762,913570000000
1763,25-10-2020,120.5217248,Chennai,1763,918442000000
1764,26-10-2020,74.63345815,Pune,1764,910228000000
1765,27-10-2020,102.4309072,Bangalore,1765,916315000000
1766,28-10-2020,109.2254342,Delhi,1766,914400000000
1767,29-10-2020,92.24622867,Delhi,1767,914857000000
1768,30-10-2020,96.73055457,Chennai,1768,918242000000
1769,31-10-2020,96.05830813,Jaipur,1769,914315000000
1770,01-11-2020,138.8715631,Jaipur,1770,910317000000
1771,02-11-2020,91.54532784,Hyderabad,1771,917962000000
1772,03-11-2020,84.41357593,Delhi,1772,916054000000
1773,04-11-2020,68.27656806,Pune,1773,917808000000
1774,05-11-2020,247.8412358,Chennai,1774,910659000000
1775,06-11-2020,69.59226552,Mumbai,1775,918197000000
1776,07-11-2020,79.36093053,Delhi,1776,914221000000
